/*
 Navicat Premium Data Transfer

 Source Server         : 121.41.8.158
 Source Server Type    : MySQL
 Source Server Version : 80018
 Source Host           : 121.41.8.158:3306
 Source Schema         : qixingbi

 Target Server Type    : MySQL
 Target Server Version : 80018
 File Encoding         : 65001

 Date: 22/03/2021 16:42:52
*/

SET NAMES utf8mb4;
SET FOREIGN_KEY_CHECKS = 0;

-- ----------------------------
-- Table structure for home_carousel_pic
-- ----------------------------
DROP TABLE IF EXISTS `home_carousel_pic`;
CREATE TABLE `home_carousel_pic`  (
                                      `id` bigint(20) UNSIGNED NOT NULL AUTO_INCREMENT,
                                      `name` varchar(255) CHARACTER SET utf8 COLLATE utf8_general_ci NOT NULL COMMENT '名字',
                                      `language` varchar(255) CHARACTER SET utf8 COLLATE utf8_general_ci NOT NULL COMMENT '语言',
                                      `position` int(3) UNSIGNED NOT NULL DEFAULT 1 COMMENT '上传的图片位置 （如是首页轮播还是那个页面的图片）',
                                      `link` varchar(255) CHARACTER SET utf8 COLLATE utf8_general_ci NULL DEFAULT NULL COMMENT '点击轮播图跳转的链接',
                                      `is_show` tinyint(1) NOT NULL DEFAULT 0 COMMENT '是否显示',
                                      `pic_url` varchar(255) CHARACTER SET utf8 COLLATE utf8_general_ci NOT NULL COMMENT '图片url',
                                      `create_time` datetime NULL DEFAULT NULL COMMENT '创建时间',
                                      `update_time` datetime NULL DEFAULT NULL COMMENT '更新时间',
                                      PRIMARY KEY (`id`) USING BTREE
) ENGINE = InnoDB AUTO_INCREMENT = 11 CHARACTER SET = utf8 COLLATE = utf8_general_ci ROW_FORMAT = DYNAMIC;

-- ----------------------------
-- Records of home_carousel_pic
-- ----------------------------
INSERT INTO `home_carousel_pic` VALUES (2, '轮播图2', 'zh_CN', 1, 'https://element.eleme.cn/#/zh-CN/component/upload', 1, 'https://dss3.bdstatic.com/70cFv8Sh_Q1YnxGkpoWK1HF6hhy/it/u=1862046972,1618874571&fm=26&gp=0.jpg', '2021-02-01 12:19:18', '2021-02-01 12:19:21');
INSERT INTO `home_carousel_pic` VALUES (3, '轮播图3', 'zh_CN', 1, 'https://www.baidu.com/', 1, 'https://ss3.bdstatic.com/70cFv8Sh_Q1YnxGkpoWK1HF6hhy/it/u=1861672901,101024602&fm=26&gp=0.jpg', '2021-02-01 12:19:49', '2021-02-01 12:19:51');
INSERT INTO `home_carousel_pic` VALUES (8, 'adads', 'zh_HK', 1, 'https://www.baidu.com/', 1, 'https://dss3.bdstatic.com/70cFv8Sh_Q1YnxGkpoWK1HF6hhy/it/u=1862046972,1618874571&fm=26&gp=0.jpg', '2021-02-05 09:43:43', '2021-02-05 09:43:43');
INSERT INTO `home_carousel_pic` VALUES (9, 'ads', 'zh_CN', 1, 'https://www.bilibili.com/', 1, 'https://ss1.bdstatic.com/70cFvXSh_Q1YnxGkpoWK1HF6hhy/it/u=1114798138,1175741013&fm=26&gp=0.jpg', '2021-02-05 11:28:15', '2021-02-05 11:28:15');
INSERT INTO `home_carousel_pic` VALUES (10, '我在测试', 'zh_CN', 1, 'http://www.baidu.com', 1, 'https://mingzhibtc.oss-cn-beijing.aliyuncs.com/2021/03/20/e52e1a29-c9be-4b19-8d02-7e5cd9f82b16.png', '2021-03-15 10:19:55', '2021-03-15 10:19:55');

-- ----------------------------
-- Table structure for home_introduction
-- ----------------------------
DROP TABLE IF EXISTS `home_introduction`;
CREATE TABLE `home_introduction`  (
                                      `id` bigint(20) NOT NULL AUTO_INCREMENT,
                                      `type` smallint(2) NOT NULL DEFAULT 0,
                                      `title` varchar(255) CHARACTER SET utf8 COLLATE utf8_general_ci NOT NULL COMMENT '标题',
                                      `content` varchar(5000) CHARACTER SET utf8 COLLATE utf8_general_ci NOT NULL COMMENT '内容',
                                      `language` varchar(50) CHARACTER SET utf8 COLLATE utf8_general_ci NOT NULL COMMENT '语言',
                                      `create_time` datetime NULL DEFAULT NULL COMMENT '创建时间',
                                      `update_time` datetime NULL DEFAULT NULL COMMENT '修改时间',
                                      PRIMARY KEY (`id`) USING BTREE
) ENGINE = InnoDB AUTO_INCREMENT = 36 CHARACTER SET = utf8 COLLATE = utf8_general_ci ROW_FORMAT = DYNAMIC;

-- ----------------------------
-- Records of home_introduction
-- ----------------------------
INSERT INTO `home_introduction` VALUES (1, 0, '最大交易量', '<p><b>&nbsp; 用户隐私政策</b></p><p>1.适用范围</p><p>(a) 在您注册本应用帐号时，您根据本应用要求提供的个人注册信息；</p><p>(b) 在您使用本应用网络服务，或访问本应用平台网页时，本应用自动接收并记录的您的浏览器和计算机上的信息，包括但不限于您的IP地址、浏览器的类型、使用的语言、访问日期和时间、软硬件特征信息及您需求的网页记录等数据；</p><p>(c) 本应用通过合法途径从商业伙伴处取得的用户个人数据。</p><p>您了解并同意，以下信息不适用本隐私权政策：</p><p>(a) 您在使用本应用平台提供的搜索服务时输入的关键字信息；</p><p>(b) 本应用收集到的您在本应用发布的有关信息数据，包括但不限于参与活动、成交信息及评价详情；</p><p>(c) 违反法律规定或违反本应用规则行为及本应用已对您采取的措施。</p><p>2.信息使用</p><p>(a)本应用不会向任何无关第三方提供、出售、出租、分享或交易您的个人信息，除非事先得到您的许可，或该第三方和本应用（含本应用关联公司）单独或共同为您提供服务，且在该服务结束后，其将被禁止访问包括其以前能够访问的所有这些资料。</p><p>(b) 本应用亦不允许任何第三方以任何手段收集、编辑、出售或者无偿传播您的个人信息。任何本应用平台用户如从事上述活动，一经发现，本应用有权立即终止与该用户的服务协议。</p><p>(c) 为服务用户的目的，本应用可能通过使用您的个人信息，向您提供您感兴趣的信息，包括但不限于向您发出产品和服务信息，或者与本应用合作伙伴共享信息以便他们向您发送有关其产品和服务的信息（后者需要您的事先同意）。</p><p>3.信息披露</p><p>在如下情况下，本应用将依据您的个人意愿或法律的规定全部或部分的披露您的个人信息：</p><p>(a) 经您事先同意，向第三方披露；</p><p>(b)为提供您所要求的产品和服务，而必须和第三方分享您的个人信息；</p><p>(c) 根据法律的有关规定，或者行政或司法机构的要求，向第三方或者行政、司法机构披露；</p><p>(d) 如您出现违反中国有关法律、法规或者本应用服务协议或相关规则的情况，需要向第三方披露；</p><p>(e) 如您是适格的知识产权投诉人并已提起投诉，应被投诉人要求，向被投诉人披露，以便双方处理可能的权利纠纷；</p><p>(f) 在本应用平台上创建的某一交易中，如交易任何一方履行或部分履行了交易义务并提出信息披露请求的，本应用有权决定向该用户提供其交易对方的联络方式等必要信息，以促成交易的完成或纠纷的解决。</p><p>(g) 其它本应用根据法律、法规或者网站政策认为合适的披露。</p><p>4.信息存储和交换</p><p>本应用收集的有关您的信息和资料将保存在本应用及（或）其关联公司的服务器上，这些信息和资料可能传送至您所在国家、地区或本应用收集信息和资料所在地的境外并在境外被访问、存储和展示。</p><p>5.Cookie的使用</p><p>(a) 在您未拒绝接受cookies的情况下，本应用会在您的计算机上设定或取用cookies ，以便您能登录或使用依赖于cookies的本应用平台服务或功能。本应用使用cookies可为您提供更加周到的个性化服务，包括推广服务。</p><p>(b) 您有权选择接受或拒绝接受cookies。您可以通过修改浏览器设置的方式拒绝接受cookies。但如果您选择拒绝接受cookies，则您可能无法登录或使用依赖于cookies的本应用网络服务或功能。</p><p>(c) 通过本应用所设cookies所取得的有关信息，将适用本政策。</p><p>6.信息安全</p><p>(a) 本应用帐号均有安全保护功能，请妥善保管您的用户名及密码信息。本应用将通过对用户密码进行加密等安全措施确保您的信息不丢失，不被滥用和变造。尽管有前述安全措施，但同时也请您注意在信息网络上不存在“完善的安全措施”。</p><p>(b) 在使用本应用网络服务进行网上交易时，您不可避免的要向交易对方或潜在的交易对方披露自己的个人信息，如联络方式或者邮政地址。请您妥善保护自己的个人信息，仅在必要的情形下向他人提供。如您发现自己的个人信息泄密，尤其是本应用用户名及密码发生泄露，请您立即联络本应用客服，以便本应用采取相应措施。</p><p>7.本隐私政策的更改</p><p>(a)如果决定更改隐私政策，我们会在本政策中、本公司网站中以及我们认为适当的位置发布这些更改，以便您了解我们如何收集、使用您的个人信息，哪些人可以访问这些信息，以及在什么情况下我们会透露这些信息。</p><p>(b)本公司保留随时修改本政策的权利，因此请经常查看。如对本政策作出重大更改，本公司会通过网站通知的形式告知。</p>', 'zh_CN', '2021-03-10 20:18:06', '2021-03-10 20:18:08');
INSERT INTO `home_introduction` VALUES (2, 0, '最小交易量', '<p><b>&nbsp; 用户隐私政策</b></p><p>1.适用范围</p><p>(a) 在您注册本应用帐号时，您根据本应用要求提供的个人注册信息；</p><p>(b) 在您使用本应用网络服务，或访问本应用平台网页时，本应用自动接收并记录的您的浏览器和计算机上的信息，包括但不限于您的IP地址、浏览器的类型、使用的语言、访问日期和时间、软硬件特征信息及您需求的网页记录等数据；</p><p>(c) 本应用通过合法途径从商业伙伴处取得的用户个人数据。</p><p>您了解并同意，以下信息不适用本隐私权政策：</p><p>(a) 您在使用本应用平台提供的搜索服务时输入的关键字信息；</p><p>(b) 本应用收集到的您在本应用发布的有关信息数据，包括但不限于参与活动、成交信息及评价详情；</p><p>(c) 违反法律规定或违反本应用规则行为及本应用已对您采取的措施。</p><p>2.信息使用</p><p>(a)本应用不会向任何无关第三方提供、出售、出租、分享或交易您的个人信息，除非事先得到您的许可，或该第三方和本应用（含本应用关联公司）单独或共同为您提供服务，且在该服务结束后，其将被禁止访问包括其以前能够访问的所有这些资料。</p><p>(b) 本应用亦不允许任何第三方以任何手段收集、编辑、出售或者无偿传播您的个人信息。任何本应用平台用户如从事上述活动，一经发现，本应用有权立即终止与该用户的服务协议。</p><p>(c) 为服务用户的目的，本应用可能通过使用您的个人信息，向您提供您感兴趣的信息，包括但不限于向您发出产品和服务信息，或者与本应用合作伙伴共享信息以便他们向您发送有关其产品和服务的信息（后者需要您的事先同意）。</p><p>3.信息披露</p><p>在如下情况下，本应用将依据您的个人意愿或法律的规定全部或部分的披露您的个人信息：</p><p>(a) 经您事先同意，向第三方披露；</p><p>(b)为提供您所要求的产品和服务，而必须和第三方分享您的个人信息；</p><p>(c) 根据法律的有关规定，或者行政或司法机构的要求，向第三方或者行政、司法机构披露；</p><p>(d) 如您出现违反中国有关法律、法规或者本应用服务协议或相关规则的情况，需要向第三方披露；</p><p>(e) 如您是适格的知识产权投诉人并已提起投诉，应被投诉人要求，向被投诉人披露，以便双方处理可能的权利纠纷；</p><p>(f) 在本应用平台上创建的某一交易中，如交易任何一方履行或部分履行了交易义务并提出信息披露请求的，本应用有权决定向该用户提供其交易对方的联络方式等必要信息，以促成交易的完成或纠纷的解决。</p><p>(g) 其它本应用根据法律、法规或者网站政策认为合适的披露。</p><p>4.信息存储和交换</p><p>本应用收集的有关您的信息和资料将保存在本应用及（或）其关联公司的服务器上，这些信息和资料可能传送至您所在国家、地区或本应用收集信息和资料所在地的境外并在境外被访问、存储和展示。</p><p>5.Cookie的使用</p><p>(a) 在您未拒绝接受cookies的情况下，本应用会在您的计算机上设定或取用cookies ，以便您能登录或使用依赖于cookies的本应用平台服务或功能。本应用使用cookies可为您提供更加周到的个性化服务，包括推广服务。</p><p>(b) 您有权选择接受或拒绝接受cookies。您可以通过修改浏览器设置的方式拒绝接受cookies。但如果您选择拒绝接受cookies，则您可能无法登录或使用依赖于cookies的本应用网络服务或功能。</p><p>(c) 通过本应用所设cookies所取得的有关信息，将适用本政策。</p><p>6.信息安全</p><p>(a) 本应用帐号均有安全保护功能，请妥善保管您的用户名及密码信息。本应用将通过对用户密码进行加密等安全措施确保您的信息不丢失，不被滥用和变造。尽管有前述安全措施，但同时也请您注意在信息网络上不存在“完善的安全措施”。</p><p>(b) 在使用本应用网络服务进行网上交易时，您不可避免的要向交易对方或潜在的交易对方披露自己的个人信息，如联络方式或者邮政地址。请您妥善保护自己的个人信息，仅在必要的情形下向他人提供。如您发现自己的个人信息泄密，尤其是本应用用户名及密码发生泄露，请您立即联络本应用客服，以便本应用采取相应措施。</p><p>7.本隐私政策的更改</p><p>(a)如果决定更改隐私政策，我们会在本政策中、本公司网站中以及我们认为适当的位置发布这些更改，以便您了解我们如何收集、使用您的个人信息，哪些人可以访问这些信息，以及在什么情况下我们会透露这些信息。</p><p>(b)本公司保留随时修改本政策的权利，因此请经常查看。如对本政策作出重大更改，本公司会通过网站通知的形式告知。</p>', 'zh_CN', '2021-03-10 20:18:32', '2021-03-10 20:18:35');
INSERT INTO `home_introduction` VALUES (3, 0, '收益货币', '<p><b style=\"font-size: 1em;\">&nbsp; 用户隐私政策</b><br></p><p>1.适用范围</p><p>(a) 在您注册本应用帐号时，您根据本应用要求提供的个人注册信息；</p><p>(b) 在您使用本应用网络服务，或访问本应用平台网页时，本应用自动接收并记录的您的浏览器和计算机上的信息，包括但不限于您的IP地址、浏览器的类型、使用的语言、访问日期和时间、软硬件特征信息及您需求的网页记录等数据；</p><p>(c) 本应用通过合法途径从商业伙伴处取得的用户个人数据。</p><p>您了解并同意，以下信息不适用本隐私权政策：</p><p>(a) 您在使用本应用平台提供的搜索服务时输入的关键字信息；</p><p>(b) 本应用收集到的您在本应用发布的有关信息数据，包括但不限于参与活动、成交信息及评价详情；</p><p>(c) 违反法律规定或违反本应用规则行为及本应用已对您采取的措施。</p><p>2.信息使用</p><p>(a)本应用不会向任何无关第三方提供、出售、出租、分享或交易您的个人信息，除非事先得到您的许可，或该第三方和本应用（含本应用关联公司）单独或共同为您提供服务，且在该服务结束后，其将被禁止访问包括其以前能够访问的所有这些资料。</p><p>(b) 本应用亦不允许任何第三方以任何手段收集、编辑、出售或者无偿传播您的个人信息。任何本应用平台用户如从事上述活动，一经发现，本应用有权立即终止与该用户的服务协议。</p><p>(c) 为服务用户的目的，本应用可能通过使用您的个人信息，向您提供您感兴趣的信息，包括但不限于向您发出产品和服务信息，或者与本应用合作伙伴共享信息以便他们向您发送有关其产品和服务的信息（后者需要您的事先同意）。</p><p>3.信息披露</p><p>在如下情况下，本应用将依据您的个人意愿或法律的规定全部或部分的披露您的个人信息：</p><p>(a) 经您事先同意，向第三方披露；</p><p>(b)为提供您所要求的产品和服务，而必须和第三方分享您的个人信息；</p><p>(c) 根据法律的有关规定，或者行政或司法机构的要求，向第三方或者行政、司法机构披露；</p><p>(d) 如您出现违反中国有关法律、法规或者本应用服务协议或相关规则的情况，需要向第三方披露；</p><p>(e) 如您是适格的知识产权投诉人并已提起投诉，应被投诉人要求，向被投诉人披露，以便双方处理可能的权利纠纷；</p><p>(f) 在本应用平台上创建的某一交易中，如交易任何一方履行或部分履行了交易义务并提出信息披露请求的，本应用有权决定向该用户提供其交易对方的联络方式等必要信息，以促成交易的完成或纠纷的解决。</p><p>(g) 其它本应用根据法律、法规或者网站政策认为合适的披露。</p><p>4.信息存储和交换</p><p>本应用收集的有关您的信息和资料将保存在本应用及（或）其关联公司的服务器上，这些信息和资料可能传送至您所在国家、地区或本应用收集信息和资料所在地的境外并在境外被访问、存储和展示。</p><p>5.Cookie的使用</p><p>(a) 在您未拒绝接受cookies的情况下，本应用会在您的计算机上设定或取用cookies ，以便您能登录或使用依赖于cookies的本应用平台服务或功能。本应用使用cookies可为您提供更加周到的个性化服务，包括推广服务。</p><p>(b) 您有权选择接受或拒绝接受cookies。您可以通过修改浏览器设置的方式拒绝接受cookies。但如果您选择拒绝接受cookies，则您可能无法登录或使用依赖于cookies的本应用网络服务或功能。</p><p>(c) 通过本应用所设cookies所取得的有关信息，将适用本政策。</p><p>6.信息安全</p><p>(a) 本应用帐号均有安全保护功能，请妥善保管您的用户名及密码信息。本应用将通过对用户密码进行加密等安全措施确保您的信息不丢失，不被滥用和变造。尽管有前述安全措施，但同时也请您注意在信息网络上不存在“完善的安全措施”。</p><p>(b) 在使用本应用网络服务进行网上交易时，您不可避免的要向交易对方或潜在的交易对方披露自己的个人信息，如联络方式或者邮政地址。请您妥善保护自己的个人信息，仅在必要的情形下向他人提供。如您发现自己的个人信息泄密，尤其是本应用用户名及密码发生泄露，请您立即联络本应用客服，以便本应用采取相应措施。</p><p>7.本隐私政策的更改</p><p>(a)如果决定更改隐私政策，我们会在本政策中、本公司网站中以及我们认为适当的位置发布这些更改，以便您了解我们如何收集、使用您的个人信息，哪些人可以访问这些信息，以及在什么情况下我们会透露这些信息。</p><p>(b)本公司保留随时修改本政策的权利，因此请经常查看。如对本政策作出重大更改，本公司会通过网站通知的形式告知。</p>', 'zh_CN', '2021-03-10 20:31:19', '2021-03-10 20:31:19');
INSERT INTO `home_introduction` VALUES (4, 0, '登录隐私声明', '<p><b>&nbsp; 用户隐私政策</b></p><p>1.适用范围</p><p>(a) 在您注册本应用帐号时，您根据本应用要求提供的个人注册信息；</p><p>(b) 在您使用本应用网络服务，或访问本应用平台网页时，本应用自动接收并记录的您的浏览器和计算机上的信息，包括但不限于您的IP地址、浏览器的类型、使用的语言、访问日期和时间、软硬件特征信息及您需求的网页记录等数据；</p><p>(c) 本应用通过合法途径从商业伙伴处取得的用户个人数据。</p><p>您了解并同意，以下信息不适用本隐私权政策：</p><p>(a) 您在使用本应用平台提供的搜索服务时输入的关键字信息；</p><p>(b) 本应用收集到的您在本应用发布的有关信息数据，包括但不限于参与活动、成交信息及评价详情；</p><p>(c) 违反法律规定或违反本应用规则行为及本应用已对您采取的措施。</p><p>2.信息使用</p><p>(a)本应用不会向任何无关第三方提供、出售、出租、分享或交易您的个人信息，除非事先得到您的许可，或该第三方和本应用（含本应用关联公司）单独或共同为您提供服务，且在该服务结束后，其将被禁止访问包括其以前能够访问的所有这些资料。</p><p>(b) 本应用亦不允许任何第三方以任何手段收集、编辑、出售或者无偿传播您的个人信息。任何本应用平台用户如从事上述活动，一经发现，本应用有权立即终止与该用户的服务协议。</p><p>(c) 为服务用户的目的，本应用可能通过使用您的个人信息，向您提供您感兴趣的信息，包括但不限于向您发出产品和服务信息，或者与本应用合作伙伴共享信息以便他们向您发送有关其产品和服务的信息（后者需要您的事先同意）。</p><p>3.信息披露</p><p>在如下情况下，本应用将依据您的个人意愿或法律的规定全部或部分的披露您的个人信息：</p><p>(a) 经您事先同意，向第三方披露；</p><p>(b)为提供您所要求的产品和服务，而必须和第三方分享您的个人信息；</p><p>(c) 根据法律的有关规定，或者行政或司法机构的要求，向第三方或者行政、司法机构披露；</p><p>(d) 如您出现违反中国有关法律、法规或者本应用服务协议或相关规则的情况，需要向第三方披露；</p><p>(e) 如您是适格的知识产权投诉人并已提起投诉，应被投诉人要求，向被投诉人披露，以便双方处理可能的权利纠纷；</p><p>(f) 在本应用平台上创建的某一交易中，如交易任何一方履行或部分履行了交易义务并提出信息披露请求的，本应用有权决定向该用户提供其交易对方的联络方式等必要信息，以促成交易的完成或纠纷的解决。</p><p>(g) 其它本应用根据法律、法规或者网站政策认为合适的披露。</p><p>4.信息存储和交换</p><p>本应用收集的有关您的信息和资料将保存在本应用及（或）其关联公司的服务器上，这些信息和资料可能传送至您所在国家、地区或本应用收集信息和资料所在地的境外并在境外被访问、存储和展示。</p><p>5.Cookie的使用</p><p>(a) 在您未拒绝接受cookies的情况下，本应用会在您的计算机上设定或取用cookies ，以便您能登录或使用依赖于cookies的本应用平台服务或功能。本应用使用cookies可为您提供更加周到的个性化服务，包括推广服务。</p><p>(b) 您有权选择接受或拒绝接受cookies。您可以通过修改浏览器设置的方式拒绝接受cookies。但如果您选择拒绝接受cookies，则您可能无法登录或使用依赖于cookies的本应用网络服务或功能。</p><p>(c) 通过本应用所设cookies所取得的有关信息，将适用本政策。</p><p>6.信息安全</p><p>(a) 本应用帐号均有安全保护功能，请妥善保管您的用户名及密码信息。本应用将通过对用户密码进行加密等安全措施确保您的信息不丢失，不被滥用和变造。尽管有前述安全措施，但同时也请您注意在信息网络上不存在“完善的安全措施”。</p><p>(b) 在使用本应用网络服务进行网上交易时，您不可避免的要向交易对方或潜在的交易对方披露自己的个人信息，如联络方式或者邮政地址。请您妥善保护自己的个人信息，仅在必要的情形下向他人提供。如您发现自己的个人信息泄密，尤其是本应用用户名及密码发生泄露，请您立即联络本应用客服，以便本应用采取相应措施。</p><p>7.本隐私政策的更改</p><p>(a)如果决定更改隐私政策，我们会在本政策中、本公司网站中以及我们认为适当的位置发布这些更改，以便您了解我们如何收集、使用您的个人信息，哪些人可以访问这些信息，以及在什么情况下我们会透露这些信息。</p><p>(b)本公司保留随时修改本政策的权利，因此请经常查看。如对本政策作出重大更改，本公司会通过网站通知的形式告知。</p>', 'zh_CN', '2021-03-11 14:28:25', '2021-03-11 14:28:25');
INSERT INTO `home_introduction` VALUES (5, 0, '合约大小', '<p><b style=\"font-size: 1em;\">&nbsp; 用户隐私政策</b><br></p><p>1.适用范围</p><p>(a) 在您注册本应用帐号时，您根据本应用要求提供的个人注册信息；</p><p>(b) 在您使用本应用网络服务，或访问本应用平台网页时，本应用自动接收并记录的您的浏览器和计算机上的信息，包括但不限于您的IP地址、浏览器的类型、使用的语言、访问日期和时间、软硬件特征信息及您需求的网页记录等数据；</p><p>(c) 本应用通过合法途径从商业伙伴处取得的用户个人数据。</p><p>您了解并同意，以下信息不适用本隐私权政策：</p><p>(a) 您在使用本应用平台提供的搜索服务时输入的关键字信息；</p><p>(b) 本应用收集到的您在本应用发布的有关信息数据，包括但不限于参与活动、成交信息及评价详情；</p><p>(c) 违反法律规定或违反本应用规则行为及本应用已对您采取的措施。</p><p>2.信息使用</p><p>(a)本应用不会向任何无关第三方提供、出售、出租、分享或交易您的个人信息，除非事先得到您的许可，或该第三方和本应用（含本应用关联公司）单独或共同为您提供服务，且在该服务结束后，其将被禁止访问包括其以前能够访问的所有这些资料。</p><p>(b) 本应用亦不允许任何第三方以任何手段收集、编辑、出售或者无偿传播您的个人信息。任何本应用平台用户如从事上述活动，一经发现，本应用有权立即终止与该用户的服务协议。</p><p>(c) 为服务用户的目的，本应用可能通过使用您的个人信息，向您提供您感兴趣的信息，包括但不限于向您发出产品和服务信息，或者与本应用合作伙伴共享信息以便他们向您发送有关其产品和服务的信息（后者需要您的事先同意）。</p><p>3.信息披露</p><p>在如下情况下，本应用将依据您的个人意愿或法律的规定全部或部分的披露您的个人信息：</p><p>(a) 经您事先同意，向第三方披露；</p><p>(b)为提供您所要求的产品和服务，而必须和第三方分享您的个人信息；</p><p>(c) 根据法律的有关规定，或者行政或司法机构的要求，向第三方或者行政、司法机构披露；</p><p>(d) 如您出现违反中国有关法律、法规或者本应用服务协议或相关规则的情况，需要向第三方披露；</p><p>(e) 如您是适格的知识产权投诉人并已提起投诉，应被投诉人要求，向被投诉人披露，以便双方处理可能的权利纠纷；</p><p>(f) 在本应用平台上创建的某一交易中，如交易任何一方履行或部分履行了交易义务并提出信息披露请求的，本应用有权决定向该用户提供其交易对方的联络方式等必要信息，以促成交易的完成或纠纷的解决。</p><p>(g) 其它本应用根据法律、法规或者网站政策认为合适的披露。</p><p>4.信息存储和交换</p><p>本应用收集的有关您的信息和资料将保存在本应用及（或）其关联公司的服务器上，这些信息和资料可能传送至您所在国家、地区或本应用收集信息和资料所在地的境外并在境外被访问、存储和展示。</p><p>5.Cookie的使用</p><p>(a) 在您未拒绝接受cookies的情况下，本应用会在您的计算机上设定或取用cookies ，以便您能登录或使用依赖于cookies的本应用平台服务或功能。本应用使用cookies可为您提供更加周到的个性化服务，包括推广服务。</p><p>(b) 您有权选择接受或拒绝接受cookies。您可以通过修改浏览器设置的方式拒绝接受cookies。但如果您选择拒绝接受cookies，则您可能无法登录或使用依赖于cookies的本应用网络服务或功能。</p><p>(c) 通过本应用所设cookies所取得的有关信息，将适用本政策。</p><p>6.信息安全</p><p>(a) 本应用帐号均有安全保护功能，请妥善保管您的用户名及密码信息。本应用将通过对用户密码进行加密等安全措施确保您的信息不丢失，不被滥用和变造。尽管有前述安全措施，但同时也请您注意在信息网络上不存在“完善的安全措施”。</p><p>(b) 在使用本应用网络服务进行网上交易时，您不可避免的要向交易对方或潜在的交易对方披露自己的个人信息，如联络方式或者邮政地址。请您妥善保护自己的个人信息，仅在必要的情形下向他人提供。如您发现自己的个人信息泄密，尤其是本应用用户名及密码发生泄露，请您立即联络本应用客服，以便本应用采取相应措施。</p><p>7.本隐私政策的更改</p><p>(a)如果决定更改隐私政策，我们会在本政策中、本公司网站中以及我们认为适当的位置发布这些更改，以便您了解我们如何收集、使用您的个人信息，哪些人可以访问这些信息，以及在什么情况下我们会透露这些信息。</p><p>(b)本公司保留随时修改本政策的权利，因此请经常查看。如对本政策作出重大更改，本公司会通过网站通知的形式告知。</p>', 'zh_CN', '2021-03-11 17:08:07', '2021-03-11 17:08:07');
INSERT INTO `home_introduction` VALUES (6, 0, '最大持仓手数', '<p><b>&nbsp; 用户隐私政策</b></p><p>1.适用范围</p><p>(a) 在您注册本应用帐号时，您根据本应用要求提供的个人注册信息；</p><p>(b) 在您使用本应用网络服务，或访问本应用平台网页时，本应用自动接收并记录的您的浏览器和计算机上的信息，包括但不限于您的IP地址、浏览器的类型、使用的语言、访问日期和时间、软硬件特征信息及您需求的网页记录等数据；</p><p>(c) 本应用通过合法途径从商业伙伴处取得的用户个人数据。</p><p>您了解并同意，以下信息不适用本隐私权政策：</p><p>(a) 您在使用本应用平台提供的搜索服务时输入的关键字信息；</p><p>(b) 本应用收集到的您在本应用发布的有关信息数据，包括但不限于参与活动、成交信息及评价详情；</p><p>(c) 违反法律规定或违反本应用规则行为及本应用已对您采取的措施。</p><p>2.信息使用</p><p>(a)本应用不会向任何无关第三方提供、出售、出租、分享或交易您的个人信息，除非事先得到您的许可，或该第三方和本应用（含本应用关联公司）单独或共同为您提供服务，且在该服务结束后，其将被禁止访问包括其以前能够访问的所有这些资料。</p><p>(b) 本应用亦不允许任何第三方以任何手段收集、编辑、出售或者无偿传播您的个人信息。任何本应用平台用户如从事上述活动，一经发现，本应用有权立即终止与该用户的服务协议。</p><p>(c) 为服务用户的目的，本应用可能通过使用您的个人信息，向您提供您感兴趣的信息，包括但不限于向您发出产品和服务信息，或者与本应用合作伙伴共享信息以便他们向您发送有关其产品和服务的信息（后者需要您的事先同意）。</p><p>3.信息披露</p><p>在如下情况下，本应用将依据您的个人意愿或法律的规定全部或部分的披露您的个人信息：</p><p>(a) 经您事先同意，向第三方披露；</p><p>(b)为提供您所要求的产品和服务，而必须和第三方分享您的个人信息；</p><p>(c) 根据法律的有关规定，或者行政或司法机构的要求，向第三方或者行政、司法机构披露；</p><p>(d) 如您出现违反中国有关法律、法规或者本应用服务协议或相关规则的情况，需要向第三方披露；</p><p>(e) 如您是适格的知识产权投诉人并已提起投诉，应被投诉人要求，向被投诉人披露，以便双方处理可能的权利纠纷；</p><p>(f) 在本应用平台上创建的某一交易中，如交易任何一方履行或部分履行了交易义务并提出信息披露请求的，本应用有权决定向该用户提供其交易对方的联络方式等必要信息，以促成交易的完成或纠纷的解决。</p><p>(g) 其它本应用根据法律、法规或者网站政策认为合适的披露。</p><p>4.信息存储和交换</p><p>本应用收集的有关您的信息和资料将保存在本应用及（或）其关联公司的服务器上，这些信息和资料可能传送至您所在国家、地区或本应用收集信息和资料所在地的境外并在境外被访问、存储和展示。</p><p>5.Cookie的使用</p><p>(a) 在您未拒绝接受cookies的情况下，本应用会在您的计算机上设定或取用cookies ，以便您能登录或使用依赖于cookies的本应用平台服务或功能。本应用使用cookies可为您提供更加周到的个性化服务，包括推广服务。</p><p>(b) 您有权选择接受或拒绝接受cookies。您可以通过修改浏览器设置的方式拒绝接受cookies。但如果您选择拒绝接受cookies，则您可能无法登录或使用依赖于cookies的本应用网络服务或功能。</p><p>(c) 通过本应用所设cookies所取得的有关信息，将适用本政策。</p><p>6.信息安全</p><p>(a) 本应用帐号均有安全保护功能，请妥善保管您的用户名及密码信息。本应用将通过对用户密码进行加密等安全措施确保您的信息不丢失，不被滥用和变造。尽管有前述安全措施，但同时也请您注意在信息网络上不存在“完善的安全措施”。</p><p>(b) 在使用本应用网络服务进行网上交易时，您不可避免的要向交易对方或潜在的交易对方披露自己的个人信息，如联络方式或者邮政地址。请您妥善保护自己的个人信息，仅在必要的情形下向他人提供。如您发现自己的个人信息泄密，尤其是本应用用户名及密码发生泄露，请您立即联络本应用客服，以便本应用采取相应措施。</p><p>7.本隐私政策的更改</p><p>(a)如果决定更改隐私政策，我们会在本政策中、本公司网站中以及我们认为适当的位置发布这些更改，以便您了解我们如何收集、使用您的个人信息，哪些人可以访问这些信息，以及在什么情况下我们会透露这些信息。</p><p>(b)本公司保留随时修改本政策的权利，因此请经常查看。如对本政策作出重大更改，本公司会通过网站通知的形式告知。</p>', 'zh_CN', '2021-03-11 17:11:03', '2021-03-11 17:11:03');
INSERT INTO `home_introduction` VALUES (7, 0, '保证金收取规则', '<p><b>&nbsp; 用户隐私政策</b></p><p>1.适用范围</p><p>(a) 在您注册本应用帐号时，您根据本应用要求提供的个人注册信息；</p><p>(b) 在您使用本应用网络服务，或访问本应用平台网页时，本应用自动接收并记录的您的浏览器和计算机上的信息，包括但不限于您的IP地址、浏览器的类型、使用的语言、访问日期和时间、软硬件特征信息及您需求的网页记录等数据；</p><p>(c) 本应用通过合法途径从商业伙伴处取得的用户个人数据。</p><p>您了解并同意，以下信息不适用本隐私权政策：</p><p>(a) 您在使用本应用平台提供的搜索服务时输入的关键字信息；</p><p>(b) 本应用收集到的您在本应用发布的有关信息数据，包括但不限于参与活动、成交信息及评价详情；</p><p>(c) 违反法律规定或违反本应用规则行为及本应用已对您采取的措施。</p><p>2.信息使用</p><p>(a)本应用不会向任何无关第三方提供、出售、出租、分享或交易您的个人信息，除非事先得到您的许可，或该第三方和本应用（含本应用关联公司）单独或共同为您提供服务，且在该服务结束后，其将被禁止访问包括其以前能够访问的所有这些资料。</p><p>(b) 本应用亦不允许任何第三方以任何手段收集、编辑、出售或者无偿传播您的个人信息。任何本应用平台用户如从事上述活动，一经发现，本应用有权立即终止与该用户的服务协议。</p><p>(c) 为服务用户的目的，本应用可能通过使用您的个人信息，向您提供您感兴趣的信息，包括但不限于向您发出产品和服务信息，或者与本应用合作伙伴共享信息以便他们向您发送有关其产品和服务的信息（后者需要您的事先同意）。</p><p>3.信息披露</p><p>在如下情况下，本应用将依据您的个人意愿或法律的规定全部或部分的披露您的个人信息：</p><p>(a) 经您事先同意，向第三方披露；</p><p>(b)为提供您所要求的产品和服务，而必须和第三方分享您的个人信息；</p><p>(c) 根据法律的有关规定，或者行政或司法机构的要求，向第三方或者行政、司法机构披露；</p><p>(d) 如您出现违反中国有关法律、法规或者本应用服务协议或相关规则的情况，需要向第三方披露；</p><p>(e) 如您是适格的知识产权投诉人并已提起投诉，应被投诉人要求，向被投诉人披露，以便双方处理可能的权利纠纷；</p><p>(f) 在本应用平台上创建的某一交易中，如交易任何一方履行或部分履行了交易义务并提出信息披露请求的，本应用有权决定向该用户提供其交易对方的联络方式等必要信息，以促成交易的完成或纠纷的解决。</p><p>(g) 其它本应用根据法律、法规或者网站政策认为合适的披露。</p><p>4.信息存储和交换</p><p>本应用收集的有关您的信息和资料将保存在本应用及（或）其关联公司的服务器上，这些信息和资料可能传送至您所在国家、地区或本应用收集信息和资料所在地的境外并在境外被访问、存储和展示。</p><p>5.Cookie的使用</p><p>(a) 在您未拒绝接受cookies的情况下，本应用会在您的计算机上设定或取用cookies ，以便您能登录或使用依赖于cookies的本应用平台服务或功能。本应用使用cookies可为您提供更加周到的个性化服务，包括推广服务。</p><p>(b) 您有权选择接受或拒绝接受cookies。您可以通过修改浏览器设置的方式拒绝接受cookies。但如果您选择拒绝接受cookies，则您可能无法登录或使用依赖于cookies的本应用网络服务或功能。</p><p>(c) 通过本应用所设cookies所取得的有关信息，将适用本政策。</p><p>6.信息安全</p><p>(a) 本应用帐号均有安全保护功能，请妥善保管您的用户名及密码信息。本应用将通过对用户密码进行加密等安全措施确保您的信息不丢失，不被滥用和变造。尽管有前述安全措施，但同时也请您注意在信息网络上不存在“完善的安全措施”。</p><p>(b) 在使用本应用网络服务进行网上交易时，您不可避免的要向交易对方或潜在的交易对方披露自己的个人信息，如联络方式或者邮政地址。请您妥善保护自己的个人信息，仅在必要的情形下向他人提供。如您发现自己的个人信息泄密，尤其是本应用用户名及密码发生泄露，请您立即联络本应用客服，以便本应用采取相应措施。</p><p>7.本隐私政策的更改</p><p>(a)如果决定更改隐私政策，我们会在本政策中、本公司网站中以及我们认为适当的位置发布这些更改，以便您了解我们如何收集、使用您的个人信息，哪些人可以访问这些信息，以及在什么情况下我们会透露这些信息。</p><p>(b)本公司保留随时修改本政策的权利，因此请经常查看。如对本政策作出重大更改，本公司会通过网站通知的形式告知。</p>', 'zh_CN', '2021-03-11 17:11:37', '2021-03-11 17:11:37');
INSERT INTO `home_introduction` VALUES (8, 0, '杠杆', '<p><b>&nbsp; 用户隐私政策</b></p><p>1.适用范围</p><p>(a) 在您注册本应用帐号时，您根据本应用要求提供的个人注册信息；</p><p>(b) 在您使用本应用网络服务，或访问本应用平台网页时，本应用自动接收并记录的您的浏览器和计算机上的信息，包括但不限于您的IP地址、浏览器的类型、使用的语言、访问日期和时间、软硬件特征信息及您需求的网页记录等数据；</p><p>(c) 本应用通过合法途径从商业伙伴处取得的用户个人数据。</p><p>您了解并同意，以下信息不适用本隐私权政策：</p><p>(a) 您在使用本应用平台提供的搜索服务时输入的关键字信息；</p><p>(b) 本应用收集到的您在本应用发布的有关信息数据，包括但不限于参与活动、成交信息及评价详情；</p><p>(c) 违反法律规定或违反本应用规则行为及本应用已对您采取的措施。</p><p>2.信息使用</p><p>(a)本应用不会向任何无关第三方提供、出售、出租、分享或交易您的个人信息，除非事先得到您的许可，或该第三方和本应用（含本应用关联公司）单独或共同为您提供服务，且在该服务结束后，其将被禁止访问包括其以前能够访问的所有这些资料。</p><p>(b) 本应用亦不允许任何第三方以任何手段收集、编辑、出售或者无偿传播您的个人信息。任何本应用平台用户如从事上述活动，一经发现，本应用有权立即终止与该用户的服务协议。</p><p>(c) 为服务用户的目的，本应用可能通过使用您的个人信息，向您提供您感兴趣的信息，包括但不限于向您发出产品和服务信息，或者与本应用合作伙伴共享信息以便他们向您发送有关其产品和服务的信息（后者需要您的事先同意）。</p><p>3.信息披露</p><p>在如下情况下，本应用将依据您的个人意愿或法律的规定全部或部分的披露您的个人信息：</p><p>(a) 经您事先同意，向第三方披露；</p><p>(b)为提供您所要求的产品和服务，而必须和第三方分享您的个人信息；</p><p>(c) 根据法律的有关规定，或者行政或司法机构的要求，向第三方或者行政、司法机构披露；</p><p>(d) 如您出现违反中国有关法律、法规或者本应用服务协议或相关规则的情况，需要向第三方披露；</p><p>(e) 如您是适格的知识产权投诉人并已提起投诉，应被投诉人要求，向被投诉人披露，以便双方处理可能的权利纠纷；</p><p>(f) 在本应用平台上创建的某一交易中，如交易任何一方履行或部分履行了交易义务并提出信息披露请求的，本应用有权决定向该用户提供其交易对方的联络方式等必要信息，以促成交易的完成或纠纷的解决。</p><p>(g) 其它本应用根据法律、法规或者网站政策认为合适的披露。</p><p>4.信息存储和交换</p><p>本应用收集的有关您的信息和资料将保存在本应用及（或）其关联公司的服务器上，这些信息和资料可能传送至您所在国家、地区或本应用收集信息和资料所在地的境外并在境外被访问、存储和展示。</p><p>5.Cookie的使用</p><p>(a) 在您未拒绝接受cookies的情况下，本应用会在您的计算机上设定或取用cookies ，以便您能登录或使用依赖于cookies的本应用平台服务或功能。本应用使用cookies可为您提供更加周到的个性化服务，包括推广服务。</p><p>(b) 您有权选择接受或拒绝接受cookies。您可以通过修改浏览器设置的方式拒绝接受cookies。但如果您选择拒绝接受cookies，则您可能无法登录或使用依赖于cookies的本应用网络服务或功能。</p><p>(c) 通过本应用所设cookies所取得的有关信息，将适用本政策。</p><p>6.信息安全</p><p>(a) 本应用帐号均有安全保护功能，请妥善保管您的用户名及密码信息。本应用将通过对用户密码进行加密等安全措施确保您的信息不丢失，不被滥用和变造。尽管有前述安全措施，但同时也请您注意在信息网络上不存在“完善的安全措施”。</p><p>(b) 在使用本应用网络服务进行网上交易时，您不可避免的要向交易对方或潜在的交易对方披露自己的个人信息，如联络方式或者邮政地址。请您妥善保护自己的个人信息，仅在必要的情形下向他人提供。如您发现自己的个人信息泄密，尤其是本应用用户名及密码发生泄露，请您立即联络本应用客服，以便本应用采取相应措施。</p><p>7.本隐私政策的更改</p><p>(a)如果决定更改隐私政策，我们会在本政策中、本公司网站中以及我们认为适当的位置发布这些更改，以便您了解我们如何收集、使用您的个人信息，哪些人可以访问这些信息，以及在什么情况下我们会透露这些信息。</p><p>(b)本公司保留随时修改本政策的权利，因此请经常查看。如对本政策作出重大更改，本公司会通过网站通知的形式告知。</p>', 'zh_CN', '2021-03-11 17:11:54', '2021-03-11 17:11:54');
INSERT INTO `home_introduction` VALUES (9, 0, '锁仓保证金', '<p><b>&nbsp; 用户隐私政策</b></p><p>1.适用范围</p><p>(a) 在您注册本应用帐号时，您根据本应用要求提供的个人注册信息；</p><p>(b) 在您使用本应用网络服务，或访问本应用平台网页时，本应用自动接收并记录的您的浏览器和计算机上的信息，包括但不限于您的IP地址、浏览器的类型、使用的语言、访问日期和时间、软硬件特征信息及您需求的网页记录等数据；</p><p>(c) 本应用通过合法途径从商业伙伴处取得的用户个人数据。</p><p>您了解并同意，以下信息不适用本隐私权政策：</p><p>(a) 您在使用本应用平台提供的搜索服务时输入的关键字信息；</p><p>(b) 本应用收集到的您在本应用发布的有关信息数据，包括但不限于参与活动、成交信息及评价详情；</p><p>(c) 违反法律规定或违反本应用规则行为及本应用已对您采取的措施。</p><p>2.信息使用</p><p>(a)本应用不会向任何无关第三方提供、出售、出租、分享或交易您的个人信息，除非事先得到您的许可，或该第三方和本应用（含本应用关联公司）单独或共同为您提供服务，且在该服务结束后，其将被禁止访问包括其以前能够访问的所有这些资料。</p><p>(b) 本应用亦不允许任何第三方以任何手段收集、编辑、出售或者无偿传播您的个人信息。任何本应用平台用户如从事上述活动，一经发现，本应用有权立即终止与该用户的服务协议。</p><p>(c) 为服务用户的目的，本应用可能通过使用您的个人信息，向您提供您感兴趣的信息，包括但不限于向您发出产品和服务信息，或者与本应用合作伙伴共享信息以便他们向您发送有关其产品和服务的信息（后者需要您的事先同意）。</p><p>3.信息披露</p><p>在如下情况下，本应用将依据您的个人意愿或法律的规定全部或部分的披露您的个人信息：</p><p>(a) 经您事先同意，向第三方披露；</p><p>(b)为提供您所要求的产品和服务，而必须和第三方分享您的个人信息；</p><p>(c) 根据法律的有关规定，或者行政或司法机构的要求，向第三方或者行政、司法机构披露；</p><p>(d) 如您出现违反中国有关法律、法规或者本应用服务协议或相关规则的情况，需要向第三方披露；</p><p>(e) 如您是适格的知识产权投诉人并已提起投诉，应被投诉人要求，向被投诉人披露，以便双方处理可能的权利纠纷；</p><p>(f) 在本应用平台上创建的某一交易中，如交易任何一方履行或部分履行了交易义务并提出信息披露请求的，本应用有权决定向该用户提供其交易对方的联络方式等必要信息，以促成交易的完成或纠纷的解决。</p><p>(g) 其它本应用根据法律、法规或者网站政策认为合适的披露。</p><p>4.信息存储和交换</p><p>本应用收集的有关您的信息和资料将保存在本应用及（或）其关联公司的服务器上，这些信息和资料可能传送至您所在国家、地区或本应用收集信息和资料所在地的境外并在境外被访问、存储和展示。</p><p>5.Cookie的使用</p><p>(a) 在您未拒绝接受cookies的情况下，本应用会在您的计算机上设定或取用cookies ，以便您能登录或使用依赖于cookies的本应用平台服务或功能。本应用使用cookies可为您提供更加周到的个性化服务，包括推广服务。</p><p>(b) 您有权选择接受或拒绝接受cookies。您可以通过修改浏览器设置的方式拒绝接受cookies。但如果您选择拒绝接受cookies，则您可能无法登录或使用依赖于cookies的本应用网络服务或功能。</p><p>(c) 通过本应用所设cookies所取得的有关信息，将适用本政策。</p><p>6.信息安全</p><p>(a) 本应用帐号均有安全保护功能，请妥善保管您的用户名及密码信息。本应用将通过对用户密码进行加密等安全措施确保您的信息不丢失，不被滥用和变造。尽管有前述安全措施，但同时也请您注意在信息网络上不存在“完善的安全措施”。</p><p>(b) 在使用本应用网络服务进行网上交易时，您不可避免的要向交易对方或潜在的交易对方披露自己的个人信息，如联络方式或者邮政地址。请您妥善保护自己的个人信息，仅在必要的情形下向他人提供。如您发现自己的个人信息泄密，尤其是本应用用户名及密码发生泄露，请您立即联络本应用客服，以便本应用采取相应措施。</p><p>7.本隐私政策的更改</p><p>(a)如果决定更改隐私政策，我们会在本政策中、本公司网站中以及我们认为适当的位置发布这些更改，以便您了解我们如何收集、使用您的个人信息，哪些人可以访问这些信息，以及在什么情况下我们会透露这些信息。</p><p>(b)本公司保留随时修改本政策的权利，因此请经常查看。如对本政策作出重大更改，本公司会通过网站通知的形式告知。</p>', 'zh_CN', '2021-03-11 17:12:19', '2021-03-11 17:12:19');
INSERT INTO `home_introduction` VALUES (10, 0, '点差', '<p><b>&nbsp; 用户隐私政策</b></p><p>1.适用范围</p><p>(a) 在您注册本应用帐号时，您根据本应用要求提供的个人注册信息；</p><p>(b) 在您使用本应用网络服务，或访问本应用平台网页时，本应用自动接收并记录的您的浏览器和计算机上的信息，包括但不限于您的IP地址、浏览器的类型、使用的语言、访问日期和时间、软硬件特征信息及您需求的网页记录等数据；</p><p>(c) 本应用通过合法途径从商业伙伴处取得的用户个人数据。</p><p>您了解并同意，以下信息不适用本隐私权政策：</p><p>(a) 您在使用本应用平台提供的搜索服务时输入的关键字信息；</p><p>(b) 本应用收集到的您在本应用发布的有关信息数据，包括但不限于参与活动、成交信息及评价详情；</p><p>(c) 违反法律规定或违反本应用规则行为及本应用已对您采取的措施。</p><p>2.信息使用</p><p>(a)本应用不会向任何无关第三方提供、出售、出租、分享或交易您的个人信息，除非事先得到您的许可，或该第三方和本应用（含本应用关联公司）单独或共同为您提供服务，且在该服务结束后，其将被禁止访问包括其以前能够访问的所有这些资料。</p><p>(b) 本应用亦不允许任何第三方以任何手段收集、编辑、出售或者无偿传播您的个人信息。任何本应用平台用户如从事上述活动，一经发现，本应用有权立即终止与该用户的服务协议。</p><p>(c) 为服务用户的目的，本应用可能通过使用您的个人信息，向您提供您感兴趣的信息，包括但不限于向您发出产品和服务信息，或者与本应用合作伙伴共享信息以便他们向您发送有关其产品和服务的信息（后者需要您的事先同意）。</p><p>3.信息披露</p><p>在如下情况下，本应用将依据您的个人意愿或法律的规定全部或部分的披露您的个人信息：</p><p>(a) 经您事先同意，向第三方披露；</p><p>(b)为提供您所要求的产品和服务，而必须和第三方分享您的个人信息；</p><p>(c) 根据法律的有关规定，或者行政或司法机构的要求，向第三方或者行政、司法机构披露；</p><p>(d) 如您出现违反中国有关法律、法规或者本应用服务协议或相关规则的情况，需要向第三方披露；</p><p>(e) 如您是适格的知识产权投诉人并已提起投诉，应被投诉人要求，向被投诉人披露，以便双方处理可能的权利纠纷；</p><p>(f) 在本应用平台上创建的某一交易中，如交易任何一方履行或部分履行了交易义务并提出信息披露请求的，本应用有权决定向该用户提供其交易对方的联络方式等必要信息，以促成交易的完成或纠纷的解决。</p><p>(g) 其它本应用根据法律、法规或者网站政策认为合适的披露。</p><p>4.信息存储和交换</p><p>本应用收集的有关您的信息和资料将保存在本应用及（或）其关联公司的服务器上，这些信息和资料可能传送至您所在国家、地区或本应用收集信息和资料所在地的境外并在境外被访问、存储和展示。</p><p>5.Cookie的使用</p><p>(a) 在您未拒绝接受cookies的情况下，本应用会在您的计算机上设定或取用cookies ，以便您能登录或使用依赖于cookies的本应用平台服务或功能。本应用使用cookies可为您提供更加周到的个性化服务，包括推广服务。</p><p>(b) 您有权选择接受或拒绝接受cookies。您可以通过修改浏览器设置的方式拒绝接受cookies。但如果您选择拒绝接受cookies，则您可能无法登录或使用依赖于cookies的本应用网络服务或功能。</p><p>(c) 通过本应用所设cookies所取得的有关信息，将适用本政策。</p><p>6.信息安全</p><p>(a) 本应用帐号均有安全保护功能，请妥善保管您的用户名及密码信息。本应用将通过对用户密码进行加密等安全措施确保您的信息不丢失，不被滥用和变造。尽管有前述安全措施，但同时也请您注意在信息网络上不存在“完善的安全措施”。</p><p>(b) 在使用本应用网络服务进行网上交易时，您不可避免的要向交易对方或潜在的交易对方披露自己的个人信息，如联络方式或者邮政地址。请您妥善保护自己的个人信息，仅在必要的情形下向他人提供。如您发现自己的个人信息泄密，尤其是本应用用户名及密码发生泄露，请您立即联络本应用客服，以便本应用采取相应措施。</p><p>7.本隐私政策的更改</p><p>(a)如果决定更改隐私政策，我们会在本政策中、本公司网站中以及我们认为适当的位置发布这些更改，以便您了解我们如何收集、使用您的个人信息，哪些人可以访问这些信息，以及在什么情况下我们会透露这些信息。</p><p>(b)本公司保留随时修改本政策的权利，因此请经常查看。如对本政策作出重大更改，本公司会通过网站通知的形式告知。</p>', 'zh_CN', '2021-03-11 17:12:34', '2021-03-11 17:12:34');
INSERT INTO `home_introduction` VALUES (11, 0, '多单隔夜利率', '<p><b>&nbsp; 用户隐私政策</b></p><p>1.适用范围</p><p>(a) 在您注册本应用帐号时，您根据本应用要求提供的个人注册信息；</p><p>(b) 在您使用本应用网络服务，或访问本应用平台网页时，本应用自动接收并记录的您的浏览器和计算机上的信息，包括但不限于您的IP地址、浏览器的类型、使用的语言、访问日期和时间、软硬件特征信息及您需求的网页记录等数据；</p><p>(c) 本应用通过合法途径从商业伙伴处取得的用户个人数据。</p><p>您了解并同意，以下信息不适用本隐私权政策：</p><p>(a) 您在使用本应用平台提供的搜索服务时输入的关键字信息；</p><p>(b) 本应用收集到的您在本应用发布的有关信息数据，包括但不限于参与活动、成交信息及评价详情；</p><p>(c) 违反法律规定或违反本应用规则行为及本应用已对您采取的措施。</p><p>2.信息使用</p><p>(a)本应用不会向任何无关第三方提供、出售、出租、分享或交易您的个人信息，除非事先得到您的许可，或该第三方和本应用（含本应用关联公司）单独或共同为您提供服务，且在该服务结束后，其将被禁止访问包括其以前能够访问的所有这些资料。</p><p>(b) 本应用亦不允许任何第三方以任何手段收集、编辑、出售或者无偿传播您的个人信息。任何本应用平台用户如从事上述活动，一经发现，本应用有权立即终止与该用户的服务协议。</p><p>(c) 为服务用户的目的，本应用可能通过使用您的个人信息，向您提供您感兴趣的信息，包括但不限于向您发出产品和服务信息，或者与本应用合作伙伴共享信息以便他们向您发送有关其产品和服务的信息（后者需要您的事先同意）。</p><p>3.信息披露</p><p>在如下情况下，本应用将依据您的个人意愿或法律的规定全部或部分的披露您的个人信息：</p><p>(a) 经您事先同意，向第三方披露；</p><p>(b)为提供您所要求的产品和服务，而必须和第三方分享您的个人信息；</p><p>(c) 根据法律的有关规定，或者行政或司法机构的要求，向第三方或者行政、司法机构披露；</p><p>(d) 如您出现违反中国有关法律、法规或者本应用服务协议或相关规则的情况，需要向第三方披露；</p><p>(e) 如您是适格的知识产权投诉人并已提起投诉，应被投诉人要求，向被投诉人披露，以便双方处理可能的权利纠纷；</p><p>(f) 在本应用平台上创建的某一交易中，如交易任何一方履行或部分履行了交易义务并提出信息披露请求的，本应用有权决定向该用户提供其交易对方的联络方式等必要信息，以促成交易的完成或纠纷的解决。</p><p>(g) 其它本应用根据法律、法规或者网站政策认为合适的披露。</p><p>4.信息存储和交换</p><p>本应用收集的有关您的信息和资料将保存在本应用及（或）其关联公司的服务器上，这些信息和资料可能传送至您所在国家、地区或本应用收集信息和资料所在地的境外并在境外被访问、存储和展示。</p><p>5.Cookie的使用</p><p>(a) 在您未拒绝接受cookies的情况下，本应用会在您的计算机上设定或取用cookies ，以便您能登录或使用依赖于cookies的本应用平台服务或功能。本应用使用cookies可为您提供更加周到的个性化服务，包括推广服务。</p><p>(b) 您有权选择接受或拒绝接受cookies。您可以通过修改浏览器设置的方式拒绝接受cookies。但如果您选择拒绝接受cookies，则您可能无法登录或使用依赖于cookies的本应用网络服务或功能。</p><p>(c) 通过本应用所设cookies所取得的有关信息，将适用本政策。</p><p>6.信息安全</p><p>(a) 本应用帐号均有安全保护功能，请妥善保管您的用户名及密码信息。本应用将通过对用户密码进行加密等安全措施确保您的信息不丢失，不被滥用和变造。尽管有前述安全措施，但同时也请您注意在信息网络上不存在“完善的安全措施”。</p><p>(b) 在使用本应用网络服务进行网上交易时，您不可避免的要向交易对方或潜在的交易对方披露自己的个人信息，如联络方式或者邮政地址。请您妥善保护自己的个人信息，仅在必要的情形下向他人提供。如您发现自己的个人信息泄密，尤其是本应用用户名及密码发生泄露，请您立即联络本应用客服，以便本应用采取相应措施。</p><p>7.本隐私政策的更改</p><p>(a)如果决定更改隐私政策，我们会在本政策中、本公司网站中以及我们认为适当的位置发布这些更改，以便您了解我们如何收集、使用您的个人信息，哪些人可以访问这些信息，以及在什么情况下我们会透露这些信息。</p><p>(b)本公司保留随时修改本政策的权利，因此请经常查看。如对本政策作出重大更改，本公司会通过网站通知的形式告知。</p>', 'zh_CN', '2021-03-11 17:12:56', '2021-03-11 17:12:56');
INSERT INTO `home_introduction` VALUES (12, 0, '空单隔夜利率', '<p><b>&nbsp; 用户隐私政策</b></p><p>1.适用范围</p><p>(a) 在您注册本应用帐号时，您根据本应用要求提供的个人注册信息；</p><p>(b) 在您使用本应用网络服务，或访问本应用平台网页时，本应用自动接收并记录的您的浏览器和计算机上的信息，包括但不限于您的IP地址、浏览器的类型、使用的语言、访问日期和时间、软硬件特征信息及您需求的网页记录等数据；</p><p>(c) 本应用通过合法途径从商业伙伴处取得的用户个人数据。</p><p>您了解并同意，以下信息不适用本隐私权政策：</p><p>(a) 您在使用本应用平台提供的搜索服务时输入的关键字信息；</p><p>(b) 本应用收集到的您在本应用发布的有关信息数据，包括但不限于参与活动、成交信息及评价详情；</p><p>(c) 违反法律规定或违反本应用规则行为及本应用已对您采取的措施。</p><p>2.信息使用</p><p>(a)本应用不会向任何无关第三方提供、出售、出租、分享或交易您的个人信息，除非事先得到您的许可，或该第三方和本应用（含本应用关联公司）单独或共同为您提供服务，且在该服务结束后，其将被禁止访问包括其以前能够访问的所有这些资料。</p><p>(b) 本应用亦不允许任何第三方以任何手段收集、编辑、出售或者无偿传播您的个人信息。任何本应用平台用户如从事上述活动，一经发现，本应用有权立即终止与该用户的服务协议。</p><p>(c) 为服务用户的目的，本应用可能通过使用您的个人信息，向您提供您感兴趣的信息，包括但不限于向您发出产品和服务信息，或者与本应用合作伙伴共享信息以便他们向您发送有关其产品和服务的信息（后者需要您的事先同意）。</p><p>3.信息披露</p><p>在如下情况下，本应用将依据您的个人意愿或法律的规定全部或部分的披露您的个人信息：</p><p>(a) 经您事先同意，向第三方披露；</p><p>(b)为提供您所要求的产品和服务，而必须和第三方分享您的个人信息；</p><p>(c) 根据法律的有关规定，或者行政或司法机构的要求，向第三方或者行政、司法机构披露；</p><p>(d) 如您出现违反中国有关法律、法规或者本应用服务协议或相关规则的情况，需要向第三方披露；</p><p>(e) 如您是适格的知识产权投诉人并已提起投诉，应被投诉人要求，向被投诉人披露，以便双方处理可能的权利纠纷；</p><p>(f) 在本应用平台上创建的某一交易中，如交易任何一方履行或部分履行了交易义务并提出信息披露请求的，本应用有权决定向该用户提供其交易对方的联络方式等必要信息，以促成交易的完成或纠纷的解决。</p><p>(g) 其它本应用根据法律、法规或者网站政策认为合适的披露。</p><p>4.信息存储和交换</p><p>本应用收集的有关您的信息和资料将保存在本应用及（或）其关联公司的服务器上，这些信息和资料可能传送至您所在国家、地区或本应用收集信息和资料所在地的境外并在境外被访问、存储和展示。</p><p>5.Cookie的使用</p><p>(a) 在您未拒绝接受cookies的情况下，本应用会在您的计算机上设定或取用cookies ，以便您能登录或使用依赖于cookies的本应用平台服务或功能。本应用使用cookies可为您提供更加周到的个性化服务，包括推广服务。</p><p>(b) 您有权选择接受或拒绝接受cookies。您可以通过修改浏览器设置的方式拒绝接受cookies。但如果您选择拒绝接受cookies，则您可能无法登录或使用依赖于cookies的本应用网络服务或功能。</p><p>(c) 通过本应用所设cookies所取得的有关信息，将适用本政策。</p><p>6.信息安全</p><p>(a) 本应用帐号均有安全保护功能，请妥善保管您的用户名及密码信息。本应用将通过对用户密码进行加密等安全措施确保您的信息不丢失，不被滥用和变造。尽管有前述安全措施，但同时也请您注意在信息网络上不存在“完善的安全措施”。</p><p>(b) 在使用本应用网络服务进行网上交易时，您不可避免的要向交易对方或潜在的交易对方披露自己的个人信息，如联络方式或者邮政地址。请您妥善保护自己的个人信息，仅在必要的情形下向他人提供。如您发现自己的个人信息泄密，尤其是本应用用户名及密码发生泄露，请您立即联络本应用客服，以便本应用采取相应措施。</p><p>7.本隐私政策的更改</p><p>(a)如果决定更改隐私政策，我们会在本政策中、本公司网站中以及我们认为适当的位置发布这些更改，以便您了解我们如何收集、使用您的个人信息，哪些人可以访问这些信息，以及在什么情况下我们会透露这些信息。</p><p>(b)本公司保留随时修改本政策的权利，因此请经常查看。如对本政策作出重大更改，本公司会通过网站通知的形式告知。</p>', 'zh_CN', '2021-03-11 17:13:48', '2021-03-11 17:13:48');
INSERT INTO `home_introduction` VALUES (13, 0, '手续费', '<p><b>&nbsp; 用户隐私政策</b></p><p>1.适用范围</p><p>(a) 在您注册本应用帐号时，您根据本应用要求提供的个人注册信息；</p><p>(b) 在您使用本应用网络服务，或访问本应用平台网页时，本应用自动接收并记录的您的浏览器和计算机上的信息，包括但不限于您的IP地址、浏览器的类型、使用的语言、访问日期和时间、软硬件特征信息及您需求的网页记录等数据；</p><p>(c) 本应用通过合法途径从商业伙伴处取得的用户个人数据。</p><p>您了解并同意，以下信息不适用本隐私权政策：</p><p>(a) 您在使用本应用平台提供的搜索服务时输入的关键字信息；</p><p>(b) 本应用收集到的您在本应用发布的有关信息数据，包括但不限于参与活动、成交信息及评价详情；</p><p>(c) 违反法律规定或违反本应用规则行为及本应用已对您采取的措施。</p><p>2.信息使用</p><p>(a)本应用不会向任何无关第三方提供、出售、出租、分享或交易您的个人信息，除非事先得到您的许可，或该第三方和本应用（含本应用关联公司）单独或共同为您提供服务，且在该服务结束后，其将被禁止访问包括其以前能够访问的所有这些资料。</p><p>(b) 本应用亦不允许任何第三方以任何手段收集、编辑、出售或者无偿传播您的个人信息。任何本应用平台用户如从事上述活动，一经发现，本应用有权立即终止与该用户的服务协议。</p><p>(c) 为服务用户的目的，本应用可能通过使用您的个人信息，向您提供您感兴趣的信息，包括但不限于向您发出产品和服务信息，或者与本应用合作伙伴共享信息以便他们向您发送有关其产品和服务的信息（后者需要您的事先同意）。</p><p>3.信息披露</p><p>在如下情况下，本应用将依据您的个人意愿或法律的规定全部或部分的披露您的个人信息：</p><p>(a) 经您事先同意，向第三方披露；</p><p>(b)为提供您所要求的产品和服务，而必须和第三方分享您的个人信息；</p><p>(c) 根据法律的有关规定，或者行政或司法机构的要求，向第三方或者行政、司法机构披露；</p><p>(d) 如您出现违反中国有关法律、法规或者本应用服务协议或相关规则的情况，需要向第三方披露；</p><p>(e) 如您是适格的知识产权投诉人并已提起投诉，应被投诉人要求，向被投诉人披露，以便双方处理可能的权利纠纷；</p><p>(f) 在本应用平台上创建的某一交易中，如交易任何一方履行或部分履行了交易义务并提出信息披露请求的，本应用有权决定向该用户提供其交易对方的联络方式等必要信息，以促成交易的完成或纠纷的解决。</p><p>(g) 其它本应用根据法律、法规或者网站政策认为合适的披露。</p><p>4.信息存储和交换</p><p>本应用收集的有关您的信息和资料将保存在本应用及（或）其关联公司的服务器上，这些信息和资料可能传送至您所在国家、地区或本应用收集信息和资料所在地的境外并在境外被访问、存储和展示。</p><p>5.Cookie的使用</p><p>(a) 在您未拒绝接受cookies的情况下，本应用会在您的计算机上设定或取用cookies ，以便您能登录或使用依赖于cookies的本应用平台服务或功能。本应用使用cookies可为您提供更加周到的个性化服务，包括推广服务。</p><p>(b) 您有权选择接受或拒绝接受cookies。您可以通过修改浏览器设置的方式拒绝接受cookies。但如果您选择拒绝接受cookies，则您可能无法登录或使用依赖于cookies的本应用网络服务或功能。</p><p>(c) 通过本应用所设cookies所取得的有关信息，将适用本政策。</p><p>6.信息安全</p><p>(a) 本应用帐号均有安全保护功能，请妥善保管您的用户名及密码信息。本应用将通过对用户密码进行加密等安全措施确保您的信息不丢失，不被滥用和变造。尽管有前述安全措施，但同时也请您注意在信息网络上不存在“完善的安全措施”。</p><p>(b) 在使用本应用网络服务进行网上交易时，您不可避免的要向交易对方或潜在的交易对方披露自己的个人信息，如联络方式或者邮政地址。请您妥善保护自己的个人信息，仅在必要的情形下向他人提供。如您发现自己的个人信息泄密，尤其是本应用用户名及密码发生泄露，请您立即联络本应用客服，以便本应用采取相应措施。</p><p>7.本隐私政策的更改</p><p>(a)如果决定更改隐私政策，我们会在本政策中、本公司网站中以及我们认为适当的位置发布这些更改，以便您了解我们如何收集、使用您的个人信息，哪些人可以访问这些信息，以及在什么情况下我们会透露这些信息。</p><p>(b)本公司保留随时修改本政策的权利，因此请经常查看。如对本政策作出重大更改，本公司会通过网站通知的形式告知。</p>', 'zh_CN', '2021-03-11 17:17:25', '2021-03-11 17:17:25');
INSERT INTO `home_introduction` VALUES (14, 0, '3日利息收取时间', '<p><b>&nbsp; 用户隐私政策</b></p><p>1.适用范围</p><p>(a) 在您注册本应用帐号时，您根据本应用要求提供的个人注册信息；</p><p>(b) 在您使用本应用网络服务，或访问本应用平台网页时，本应用自动接收并记录的您的浏览器和计算机上的信息，包括但不限于您的IP地址、浏览器的类型、使用的语言、访问日期和时间、软硬件特征信息及您需求的网页记录等数据；</p><p>(c) 本应用通过合法途径从商业伙伴处取得的用户个人数据。</p><p>您了解并同意，以下信息不适用本隐私权政策：</p><p>(a) 您在使用本应用平台提供的搜索服务时输入的关键字信息；</p><p>(b) 本应用收集到的您在本应用发布的有关信息数据，包括但不限于参与活动、成交信息及评价详情；</p><p>(c) 违反法律规定或违反本应用规则行为及本应用已对您采取的措施。</p><p>2.信息使用</p><p>(a)本应用不会向任何无关第三方提供、出售、出租、分享或交易您的个人信息，除非事先得到您的许可，或该第三方和本应用（含本应用关联公司）单独或共同为您提供服务，且在该服务结束后，其将被禁止访问包括其以前能够访问的所有这些资料。</p><p>(b) 本应用亦不允许任何第三方以任何手段收集、编辑、出售或者无偿传播您的个人信息。任何本应用平台用户如从事上述活动，一经发现，本应用有权立即终止与该用户的服务协议。</p><p>(c) 为服务用户的目的，本应用可能通过使用您的个人信息，向您提供您感兴趣的信息，包括但不限于向您发出产品和服务信息，或者与本应用合作伙伴共享信息以便他们向您发送有关其产品和服务的信息（后者需要您的事先同意）。</p><p>3.信息披露</p><p>在如下情况下，本应用将依据您的个人意愿或法律的规定全部或部分的披露您的个人信息：</p><p>(a) 经您事先同意，向第三方披露；</p><p>(b)为提供您所要求的产品和服务，而必须和第三方分享您的个人信息；</p><p>(c) 根据法律的有关规定，或者行政或司法机构的要求，向第三方或者行政、司法机构披露；</p><p>(d) 如您出现违反中国有关法律、法规或者本应用服务协议或相关规则的情况，需要向第三方披露；</p><p>(e) 如您是适格的知识产权投诉人并已提起投诉，应被投诉人要求，向被投诉人披露，以便双方处理可能的权利纠纷；</p><p>(f) 在本应用平台上创建的某一交易中，如交易任何一方履行或部分履行了交易义务并提出信息披露请求的，本应用有权决定向该用户提供其交易对方的联络方式等必要信息，以促成交易的完成或纠纷的解决。</p><p>(g) 其它本应用根据法律、法规或者网站政策认为合适的披露。</p><p>4.信息存储和交换</p><p>本应用收集的有关您的信息和资料将保存在本应用及（或）其关联公司的服务器上，这些信息和资料可能传送至您所在国家、地区或本应用收集信息和资料所在地的境外并在境外被访问、存储和展示。</p><p>5.Cookie的使用</p><p>(a) 在您未拒绝接受cookies的情况下，本应用会在您的计算机上设定或取用cookies ，以便您能登录或使用依赖于cookies的本应用平台服务或功能。本应用使用cookies可为您提供更加周到的个性化服务，包括推广服务。</p><p>(b) 您有权选择接受或拒绝接受cookies。您可以通过修改浏览器设置的方式拒绝接受cookies。但如果您选择拒绝接受cookies，则您可能无法登录或使用依赖于cookies的本应用网络服务或功能。</p><p>(c) 通过本应用所设cookies所取得的有关信息，将适用本政策。</p><p>6.信息安全</p><p>(a) 本应用帐号均有安全保护功能，请妥善保管您的用户名及密码信息。本应用将通过对用户密码进行加密等安全措施确保您的信息不丢失，不被滥用和变造。尽管有前述安全措施，但同时也请您注意在信息网络上不存在“完善的安全措施”。</p><p>(b) 在使用本应用网络服务进行网上交易时，您不可避免的要向交易对方或潜在的交易对方披露自己的个人信息，如联络方式或者邮政地址。请您妥善保护自己的个人信息，仅在必要的情形下向他人提供。如您发现自己的个人信息泄密，尤其是本应用用户名及密码发生泄露，请您立即联络本应用客服，以便本应用采取相应措施。</p><p>7.本隐私政策的更改</p><p>(a)如果决定更改隐私政策，我们会在本政策中、本公司网站中以及我们认为适当的位置发布这些更改，以便您了解我们如何收集、使用您的个人信息，哪些人可以访问这些信息，以及在什么情况下我们会透露这些信息。</p><p>(b)本公司保留随时修改本政策的权利，因此请经常查看。如对本政策作出重大更改，本公司会通过网站通知的形式告知。</p>', 'zh_CN', '2021-03-11 17:18:20', '2021-03-11 17:18:20');
INSERT INTO `home_introduction` VALUES (15, 0, '挂单距离', '<p><b>&nbsp; 用户隐私政策</b></p><p>1.适用范围</p><p>(a) 在您注册本应用帐号时，您根据本应用要求提供的个人注册信息；</p><p>(b) 在您使用本应用网络服务，或访问本应用平台网页时，本应用自动接收并记录的您的浏览器和计算机上的信息，包括但不限于您的IP地址、浏览器的类型、使用的语言、访问日期和时间、软硬件特征信息及您需求的网页记录等数据；</p><p>(c) 本应用通过合法途径从商业伙伴处取得的用户个人数据。</p><p>您了解并同意，以下信息不适用本隐私权政策：</p><p>(a) 您在使用本应用平台提供的搜索服务时输入的关键字信息；</p><p>(b) 本应用收集到的您在本应用发布的有关信息数据，包括但不限于参与活动、成交信息及评价详情；</p><p>(c) 违反法律规定或违反本应用规则行为及本应用已对您采取的措施。</p><p>2.信息使用</p><p>(a)本应用不会向任何无关第三方提供、出售、出租、分享或交易您的个人信息，除非事先得到您的许可，或该第三方和本应用（含本应用关联公司）单独或共同为您提供服务，且在该服务结束后，其将被禁止访问包括其以前能够访问的所有这些资料。</p><p>(b) 本应用亦不允许任何第三方以任何手段收集、编辑、出售或者无偿传播您的个人信息。任何本应用平台用户如从事上述活动，一经发现，本应用有权立即终止与该用户的服务协议。</p><p>(c) 为服务用户的目的，本应用可能通过使用您的个人信息，向您提供您感兴趣的信息，包括但不限于向您发出产品和服务信息，或者与本应用合作伙伴共享信息以便他们向您发送有关其产品和服务的信息（后者需要您的事先同意）。</p><p>3.信息披露</p><p>在如下情况下，本应用将依据您的个人意愿或法律的规定全部或部分的披露您的个人信息：</p><p>(a) 经您事先同意，向第三方披露；</p><p>(b)为提供您所要求的产品和服务，而必须和第三方分享您的个人信息；</p><p>(c) 根据法律的有关规定，或者行政或司法机构的要求，向第三方或者行政、司法机构披露；</p><p>(d) 如您出现违反中国有关法律、法规或者本应用服务协议或相关规则的情况，需要向第三方披露；</p><p>(e) 如您是适格的知识产权投诉人并已提起投诉，应被投诉人要求，向被投诉人披露，以便双方处理可能的权利纠纷；</p><p>(f) 在本应用平台上创建的某一交易中，如交易任何一方履行或部分履行了交易义务并提出信息披露请求的，本应用有权决定向该用户提供其交易对方的联络方式等必要信息，以促成交易的完成或纠纷的解决。</p><p>(g) 其它本应用根据法律、法规或者网站政策认为合适的披露。</p><p>4.信息存储和交换</p><p>本应用收集的有关您的信息和资料将保存在本应用及（或）其关联公司的服务器上，这些信息和资料可能传送至您所在国家、地区或本应用收集信息和资料所在地的境外并在境外被访问、存储和展示。</p><p>5.Cookie的使用</p><p>(a) 在您未拒绝接受cookies的情况下，本应用会在您的计算机上设定或取用cookies ，以便您能登录或使用依赖于cookies的本应用平台服务或功能。本应用使用cookies可为您提供更加周到的个性化服务，包括推广服务。</p><p>(b) 您有权选择接受或拒绝接受cookies。您可以通过修改浏览器设置的方式拒绝接受cookies。但如果您选择拒绝接受cookies，则您可能无法登录或使用依赖于cookies的本应用网络服务或功能。</p><p>(c) 通过本应用所设cookies所取得的有关信息，将适用本政策。</p><p>6.信息安全</p><p>(a) 本应用帐号均有安全保护功能，请妥善保管您的用户名及密码信息。本应用将通过对用户密码进行加密等安全措施确保您的信息不丢失，不被滥用和变造。尽管有前述安全措施，但同时也请您注意在信息网络上不存在“完善的安全措施”。</p><p>(b) 在使用本应用网络服务进行网上交易时，您不可避免的要向交易对方或潜在的交易对方披露自己的个人信息，如联络方式或者邮政地址。请您妥善保护自己的个人信息，仅在必要的情形下向他人提供。如您发现自己的个人信息泄密，尤其是本应用用户名及密码发生泄露，请您立即联络本应用客服，以便本应用采取相应措施。</p><p>7.本隐私政策的更改</p><p>(a)如果决定更改隐私政策，我们会在本政策中、本公司网站中以及我们认为适当的位置发布这些更改，以便您了解我们如何收集、使用您的个人信息，哪些人可以访问这些信息，以及在什么情况下我们会透露这些信息。</p><p>(b)本公司保留随时修改本政策的权利，因此请经常查看。如对本政策作出重大更改，本公司会通过网站通知的形式告知。</p>', 'zh_CN', '2021-03-11 17:19:01', '2021-03-11 17:19:01');
INSERT INTO `home_introduction` VALUES (16, 0, '挂单有效期', '<p><b>&nbsp; 用户隐私政策</b></p><p>1.适用范围</p><p>(a) 在您注册本应用帐号时，您根据本应用要求提供的个人注册信息；</p><p>(b) 在您使用本应用网络服务，或访问本应用平台网页时，本应用自动接收并记录的您的浏览器和计算机上的信息，包括但不限于您的IP地址、浏览器的类型、使用的语言、访问日期和时间、软硬件特征信息及您需求的网页记录等数据；</p><p>(c) 本应用通过合法途径从商业伙伴处取得的用户个人数据。</p><p>您了解并同意，以下信息不适用本隐私权政策：</p><p>(a) 您在使用本应用平台提供的搜索服务时输入的关键字信息；</p><p>(b) 本应用收集到的您在本应用发布的有关信息数据，包括但不限于参与活动、成交信息及评价详情；</p><p>(c) 违反法律规定或违反本应用规则行为及本应用已对您采取的措施。</p><p>2.信息使用</p><p>(a)本应用不会向任何无关第三方提供、出售、出租、分享或交易您的个人信息，除非事先得到您的许可，或该第三方和本应用（含本应用关联公司）单独或共同为您提供服务，且在该服务结束后，其将被禁止访问包括其以前能够访问的所有这些资料。</p><p>(b) 本应用亦不允许任何第三方以任何手段收集、编辑、出售或者无偿传播您的个人信息。任何本应用平台用户如从事上述活动，一经发现，本应用有权立即终止与该用户的服务协议。</p><p>(c) 为服务用户的目的，本应用可能通过使用您的个人信息，向您提供您感兴趣的信息，包括但不限于向您发出产品和服务信息，或者与本应用合作伙伴共享信息以便他们向您发送有关其产品和服务的信息（后者需要您的事先同意）。</p><p>3.信息披露</p><p>在如下情况下，本应用将依据您的个人意愿或法律的规定全部或部分的披露您的个人信息：</p><p>(a) 经您事先同意，向第三方披露；</p><p>(b)为提供您所要求的产品和服务，而必须和第三方分享您的个人信息；</p><p>(c) 根据法律的有关规定，或者行政或司法机构的要求，向第三方或者行政、司法机构披露；</p><p>(d) 如您出现违反中国有关法律、法规或者本应用服务协议或相关规则的情况，需要向第三方披露；</p><p>(e) 如您是适格的知识产权投诉人并已提起投诉，应被投诉人要求，向被投诉人披露，以便双方处理可能的权利纠纷；</p><p>(f) 在本应用平台上创建的某一交易中，如交易任何一方履行或部分履行了交易义务并提出信息披露请求的，本应用有权决定向该用户提供其交易对方的联络方式等必要信息，以促成交易的完成或纠纷的解决。</p><p>(g) 其它本应用根据法律、法规或者网站政策认为合适的披露。</p><p>4.信息存储和交换</p><p>本应用收集的有关您的信息和资料将保存在本应用及（或）其关联公司的服务器上，这些信息和资料可能传送至您所在国家、地区或本应用收集信息和资料所在地的境外并在境外被访问、存储和展示。</p><p>5.Cookie的使用</p><p>(a) 在您未拒绝接受cookies的情况下，本应用会在您的计算机上设定或取用cookies ，以便您能登录或使用依赖于cookies的本应用平台服务或功能。本应用使用cookies可为您提供更加周到的个性化服务，包括推广服务。</p><p>(b) 您有权选择接受或拒绝接受cookies。您可以通过修改浏览器设置的方式拒绝接受cookies。但如果您选择拒绝接受cookies，则您可能无法登录或使用依赖于cookies的本应用网络服务或功能。</p><p>(c) 通过本应用所设cookies所取得的有关信息，将适用本政策。</p><p>6.信息安全</p><p>(a) 本应用帐号均有安全保护功能，请妥善保管您的用户名及密码信息。本应用将通过对用户密码进行加密等安全措施确保您的信息不丢失，不被滥用和变造。尽管有前述安全措施，但同时也请您注意在信息网络上不存在“完善的安全措施”。</p><p>(b) 在使用本应用网络服务进行网上交易时，您不可避免的要向交易对方或潜在的交易对方披露自己的个人信息，如联络方式或者邮政地址。请您妥善保护自己的个人信息，仅在必要的情形下向他人提供。如您发现自己的个人信息泄密，尤其是本应用用户名及密码发生泄露，请您立即联络本应用客服，以便本应用采取相应措施。</p><p>7.本隐私政策的更改</p><p>(a)如果决定更改隐私政策，我们会在本政策中、本公司网站中以及我们认为适当的位置发布这些更改，以便您了解我们如何收集、使用您的个人信息，哪些人可以访问这些信息，以及在什么情况下我们会透露这些信息。</p><p>(b)本公司保留随时修改本政策的权利，因此请经常查看。如对本政策作出重大更改，本公司会通过网站通知的形式告知。</p>', 'zh_CN', '2021-03-11 17:19:16', '2021-03-11 17:19:16');
INSERT INTO `home_introduction` VALUES (17, 0, '强平比率', '<p><b>&nbsp; 用户隐私政策</b></p><p>1.适用范围</p><p>(a) 在您注册本应用帐号时，您根据本应用要求提供的个人注册信息；</p><p>(b) 在您使用本应用网络服务，或访问本应用平台网页时，本应用自动接收并记录的您的浏览器和计算机上的信息，包括但不限于您的IP地址、浏览器的类型、使用的语言、访问日期和时间、软硬件特征信息及您需求的网页记录等数据；</p><p>(c) 本应用通过合法途径从商业伙伴处取得的用户个人数据。</p><p>您了解并同意，以下信息不适用本隐私权政策：</p><p>(a) 您在使用本应用平台提供的搜索服务时输入的关键字信息；</p><p>(b) 本应用收集到的您在本应用发布的有关信息数据，包括但不限于参与活动、成交信息及评价详情；</p><p>(c) 违反法律规定或违反本应用规则行为及本应用已对您采取的措施。</p><p>2.信息使用</p><p>(a)本应用不会向任何无关第三方提供、出售、出租、分享或交易您的个人信息，除非事先得到您的许可，或该第三方和本应用（含本应用关联公司）单独或共同为您提供服务，且在该服务结束后，其将被禁止访问包括其以前能够访问的所有这些资料。</p><p>(b) 本应用亦不允许任何第三方以任何手段收集、编辑、出售或者无偿传播您的个人信息。任何本应用平台用户如从事上述活动，一经发现，本应用有权立即终止与该用户的服务协议。</p><p>(c) 为服务用户的目的，本应用可能通过使用您的个人信息，向您提供您感兴趣的信息，包括但不限于向您发出产品和服务信息，或者与本应用合作伙伴共享信息以便他们向您发送有关其产品和服务的信息（后者需要您的事先同意）。</p><p>3.信息披露</p><p>在如下情况下，本应用将依据您的个人意愿或法律的规定全部或部分的披露您的个人信息：</p><p>(a) 经您事先同意，向第三方披露；</p><p>(b)为提供您所要求的产品和服务，而必须和第三方分享您的个人信息；</p><p>(c) 根据法律的有关规定，或者行政或司法机构的要求，向第三方或者行政、司法机构披露；</p><p>(d) 如您出现违反中国有关法律、法规或者本应用服务协议或相关规则的情况，需要向第三方披露；</p><p>(e) 如您是适格的知识产权投诉人并已提起投诉，应被投诉人要求，向被投诉人披露，以便双方处理可能的权利纠纷；</p><p>(f) 在本应用平台上创建的某一交易中，如交易任何一方履行或部分履行了交易义务并提出信息披露请求的，本应用有权决定向该用户提供其交易对方的联络方式等必要信息，以促成交易的完成或纠纷的解决。</p><p>(g) 其它本应用根据法律、法规或者网站政策认为合适的披露。</p><p>4.信息存储和交换</p><p>本应用收集的有关您的信息和资料将保存在本应用及（或）其关联公司的服务器上，这些信息和资料可能传送至您所在国家、地区或本应用收集信息和资料所在地的境外并在境外被访问、存储和展示。</p><p>5.Cookie的使用</p><p>(a) 在您未拒绝接受cookies的情况下，本应用会在您的计算机上设定或取用cookies ，以便您能登录或使用依赖于cookies的本应用平台服务或功能。本应用使用cookies可为您提供更加周到的个性化服务，包括推广服务。</p><p>(b) 您有权选择接受或拒绝接受cookies。您可以通过修改浏览器设置的方式拒绝接受cookies。但如果您选择拒绝接受cookies，则您可能无法登录或使用依赖于cookies的本应用网络服务或功能。</p><p>(c) 通过本应用所设cookies所取得的有关信息，将适用本政策。</p><p>6.信息安全</p><p>(a) 本应用帐号均有安全保护功能，请妥善保管您的用户名及密码信息。本应用将通过对用户密码进行加密等安全措施确保您的信息不丢失，不被滥用和变造。尽管有前述安全措施，但同时也请您注意在信息网络上不存在“完善的安全措施”。</p><p>(b) 在使用本应用网络服务进行网上交易时，您不可避免的要向交易对方或潜在的交易对方披露自己的个人信息，如联络方式或者邮政地址。请您妥善保护自己的个人信息，仅在必要的情形下向他人提供。如您发现自己的个人信息泄密，尤其是本应用用户名及密码发生泄露，请您立即联络本应用客服，以便本应用采取相应措施。</p><p>7.本隐私政策的更改</p><p>(a)如果决定更改隐私政策，我们会在本政策中、本公司网站中以及我们认为适当的位置发布这些更改，以便您了解我们如何收集、使用您的个人信息，哪些人可以访问这些信息，以及在什么情况下我们会透露这些信息。</p><p>(b)本公司保留随时修改本政策的权利，因此请经常查看。如对本政策作出重大更改，本公司会通过网站通知的形式告知。</p>', 'zh_CN', '2021-03-11 17:19:35', '2021-03-11 17:19:35');
INSERT INTO `home_introduction` VALUES (18, 0, '交易时间', '<p><b>&nbsp; 用户隐私政策</b></p><p>1.适用范围</p><p>(a) 在您注册本应用帐号时，您根据本应用要求提供的个人注册信息；</p><p>(b) 在您使用本应用网络服务，或访问本应用平台网页时，本应用自动接收并记录的您的浏览器和计算机上的信息，包括但不限于您的IP地址、浏览器的类型、使用的语言、访问日期和时间、软硬件特征信息及您需求的网页记录等数据；</p><p>(c) 本应用通过合法途径从商业伙伴处取得的用户个人数据。</p><p>您了解并同意，以下信息不适用本隐私权政策：</p><p>(a) 您在使用本应用平台提供的搜索服务时输入的关键字信息；</p><p>(b) 本应用收集到的您在本应用发布的有关信息数据，包括但不限于参与活动、成交信息及评价详情；</p><p>(c) 违反法律规定或违反本应用规则行为及本应用已对您采取的措施。</p><p>2.信息使用</p><p>(a)本应用不会向任何无关第三方提供、出售、出租、分享或交易您的个人信息，除非事先得到您的许可，或该第三方和本应用（含本应用关联公司）单独或共同为您提供服务，且在该服务结束后，其将被禁止访问包括其以前能够访问的所有这些资料。</p><p>(b) 本应用亦不允许任何第三方以任何手段收集、编辑、出售或者无偿传播您的个人信息。任何本应用平台用户如从事上述活动，一经发现，本应用有权立即终止与该用户的服务协议。</p><p>(c) 为服务用户的目的，本应用可能通过使用您的个人信息，向您提供您感兴趣的信息，包括但不限于向您发出产品和服务信息，或者与本应用合作伙伴共享信息以便他们向您发送有关其产品和服务的信息（后者需要您的事先同意）。</p><p>3.信息披露</p><p>在如下情况下，本应用将依据您的个人意愿或法律的规定全部或部分的披露您的个人信息：</p><p>(a) 经您事先同意，向第三方披露；</p><p>(b)为提供您所要求的产品和服务，而必须和第三方分享您的个人信息；</p><p>(c) 根据法律的有关规定，或者行政或司法机构的要求，向第三方或者行政、司法机构披露；</p><p>(d) 如您出现违反中国有关法律、法规或者本应用服务协议或相关规则的情况，需要向第三方披露；</p><p>(e) 如您是适格的知识产权投诉人并已提起投诉，应被投诉人要求，向被投诉人披露，以便双方处理可能的权利纠纷；</p><p>(f) 在本应用平台上创建的某一交易中，如交易任何一方履行或部分履行了交易义务并提出信息披露请求的，本应用有权决定向该用户提供其交易对方的联络方式等必要信息，以促成交易的完成或纠纷的解决。</p><p>(g) 其它本应用根据法律、法规或者网站政策认为合适的披露。</p><p>4.信息存储和交换</p><p>本应用收集的有关您的信息和资料将保存在本应用及（或）其关联公司的服务器上，这些信息和资料可能传送至您所在国家、地区或本应用收集信息和资料所在地的境外并在境外被访问、存储和展示。</p><p>5.Cookie的使用</p><p>(a) 在您未拒绝接受cookies的情况下，本应用会在您的计算机上设定或取用cookies ，以便您能登录或使用依赖于cookies的本应用平台服务或功能。本应用使用cookies可为您提供更加周到的个性化服务，包括推广服务。</p><p>(b) 您有权选择接受或拒绝接受cookies。您可以通过修改浏览器设置的方式拒绝接受cookies。但如果您选择拒绝接受cookies，则您可能无法登录或使用依赖于cookies的本应用网络服务或功能。</p><p>(c) 通过本应用所设cookies所取得的有关信息，将适用本政策。</p><p>6.信息安全</p><p>(a) 本应用帐号均有安全保护功能，请妥善保管您的用户名及密码信息。本应用将通过对用户密码进行加密等安全措施确保您的信息不丢失，不被滥用和变造。尽管有前述安全措施，但同时也请您注意在信息网络上不存在“完善的安全措施”。</p><p>(b) 在使用本应用网络服务进行网上交易时，您不可避免的要向交易对方或潜在的交易对方披露自己的个人信息，如联络方式或者邮政地址。请您妥善保护自己的个人信息，仅在必要的情形下向他人提供。如您发现自己的个人信息泄密，尤其是本应用用户名及密码发生泄露，请您立即联络本应用客服，以便本应用采取相应措施。</p><p>7.本隐私政策的更改</p><p>(a)如果决定更改隐私政策，我们会在本政策中、本公司网站中以及我们认为适当的位置发布这些更改，以便您了解我们如何收集、使用您的个人信息，哪些人可以访问这些信息，以及在什么情况下我们会透露这些信息。</p><p>(b)本公司保留随时修改本政策的权利，因此请经常查看。如对本政策作出重大更改，本公司会通过网站通知的形式告知。</p>', 'zh_CN', '2021-03-11 17:19:57', '2021-03-11 17:19:57');
INSERT INTO `home_introduction` VALUES (19, 0, '休市时间', '<p><b>&nbsp; 用户隐私政策</b></p><p>1.适用范围</p><p>(a) 在您注册本应用帐号时，您根据本应用要求提供的个人注册信息；</p><p>(b) 在您使用本应用网络服务，或访问本应用平台网页时，本应用自动接收并记录的您的浏览器和计算机上的信息，包括但不限于您的IP地址、浏览器的类型、使用的语言、访问日期和时间、软硬件特征信息及您需求的网页记录等数据；</p><p>(c) 本应用通过合法途径从商业伙伴处取得的用户个人数据。</p><p>您了解并同意，以下信息不适用本隐私权政策：</p><p>(a) 您在使用本应用平台提供的搜索服务时输入的关键字信息；</p><p>(b) 本应用收集到的您在本应用发布的有关信息数据，包括但不限于参与活动、成交信息及评价详情；</p><p>(c) 违反法律规定或违反本应用规则行为及本应用已对您采取的措施。</p><p>2.信息使用</p><p>(a)本应用不会向任何无关第三方提供、出售、出租、分享或交易您的个人信息，除非事先得到您的许可，或该第三方和本应用（含本应用关联公司）单独或共同为您提供服务，且在该服务结束后，其将被禁止访问包括其以前能够访问的所有这些资料。</p><p>(b) 本应用亦不允许任何第三方以任何手段收集、编辑、出售或者无偿传播您的个人信息。任何本应用平台用户如从事上述活动，一经发现，本应用有权立即终止与该用户的服务协议。</p><p>(c) 为服务用户的目的，本应用可能通过使用您的个人信息，向您提供您感兴趣的信息，包括但不限于向您发出产品和服务信息，或者与本应用合作伙伴共享信息以便他们向您发送有关其产品和服务的信息（后者需要您的事先同意）。</p><p>3.信息披露</p><p>在如下情况下，本应用将依据您的个人意愿或法律的规定全部或部分的披露您的个人信息：</p><p>(a) 经您事先同意，向第三方披露；</p><p>(b)为提供您所要求的产品和服务，而必须和第三方分享您的个人信息；</p><p>(c) 根据法律的有关规定，或者行政或司法机构的要求，向第三方或者行政、司法机构披露；</p><p>(d) 如您出现违反中国有关法律、法规或者本应用服务协议或相关规则的情况，需要向第三方披露；</p><p>(e) 如您是适格的知识产权投诉人并已提起投诉，应被投诉人要求，向被投诉人披露，以便双方处理可能的权利纠纷；</p><p>(f) 在本应用平台上创建的某一交易中，如交易任何一方履行或部分履行了交易义务并提出信息披露请求的，本应用有权决定向该用户提供其交易对方的联络方式等必要信息，以促成交易的完成或纠纷的解决。</p><p>(g) 其它本应用根据法律、法规或者网站政策认为合适的披露。</p><p>4.信息存储和交换</p><p>本应用收集的有关您的信息和资料将保存在本应用及（或）其关联公司的服务器上，这些信息和资料可能传送至您所在国家、地区或本应用收集信息和资料所在地的境外并在境外被访问、存储和展示。</p><p>5.Cookie的使用</p><p>(a) 在您未拒绝接受cookies的情况下，本应用会在您的计算机上设定或取用cookies ，以便您能登录或使用依赖于cookies的本应用平台服务或功能。本应用使用cookies可为您提供更加周到的个性化服务，包括推广服务。</p><p>(b) 您有权选择接受或拒绝接受cookies。您可以通过修改浏览器设置的方式拒绝接受cookies。但如果您选择拒绝接受cookies，则您可能无法登录或使用依赖于cookies的本应用网络服务或功能。</p><p>(c) 通过本应用所设cookies所取得的有关信息，将适用本政策。</p><p>6.信息安全</p><p>(a) 本应用帐号均有安全保护功能，请妥善保管您的用户名及密码信息。本应用将通过对用户密码进行加密等安全措施确保您的信息不丢失，不被滥用和变造。尽管有前述安全措施，但同时也请您注意在信息网络上不存在“完善的安全措施”。</p><p>(b) 在使用本应用网络服务进行网上交易时，您不可避免的要向交易对方或潜在的交易对方披露自己的个人信息，如联络方式或者邮政地址。请您妥善保护自己的个人信息，仅在必要的情形下向他人提供。如您发现自己的个人信息泄密，尤其是本应用用户名及密码发生泄露，请您立即联络本应用客服，以便本应用采取相应措施。</p><p>7.本隐私政策的更改</p><p>(a)如果决定更改隐私政策，我们会在本政策中、本公司网站中以及我们认为适当的位置发布这些更改，以便您了解我们如何收集、使用您的个人信息，哪些人可以访问这些信息，以及在什么情况下我们会透露这些信息。</p><p>(b)本公司保留随时修改本政策的权利，因此请经常查看。如对本政策作出重大更改，本公司会通过网站通知的形式告知。</p>', 'zh_CN', '2021-03-11 17:20:11', '2021-03-11 17:20:11');
INSERT INTO `home_introduction` VALUES (20, 0, '持仓订单盈亏', '<p><b>&nbsp; 用户隐私政策</b></p><p>1.适用范围</p><p>(a) 在您注册本应用帐号时，您根据本应用要求提供的个人注册信息；</p><p>(b) 在您使用本应用网络服务，或访问本应用平台网页时，本应用自动接收并记录的您的浏览器和计算机上的信息，包括但不限于您的IP地址、浏览器的类型、使用的语言、访问日期和时间、软硬件特征信息及您需求的网页记录等数据；</p><p>(c) 本应用通过合法途径从商业伙伴处取得的用户个人数据。</p><p>您了解并同意，以下信息不适用本隐私权政策：</p><p>(a) 您在使用本应用平台提供的搜索服务时输入的关键字信息；</p><p>(b) 本应用收集到的您在本应用发布的有关信息数据，包括但不限于参与活动、成交信息及评价详情；</p><p>(c) 违反法律规定或违反本应用规则行为及本应用已对您采取的措施。</p><p>2.信息使用</p><p>(a)本应用不会向任何无关第三方提供、出售、出租、分享或交易您的个人信息，除非事先得到您的许可，或该第三方和本应用（含本应用关联公司）单独或共同为您提供服务，且在该服务结束后，其将被禁止访问包括其以前能够访问的所有这些资料。</p><p>(b) 本应用亦不允许任何第三方以任何手段收集、编辑、出售或者无偿传播您的个人信息。任何本应用平台用户如从事上述活动，一经发现，本应用有权立即终止与该用户的服务协议。</p><p>(c) 为服务用户的目的，本应用可能通过使用您的个人信息，向您提供您感兴趣的信息，包括但不限于向您发出产品和服务信息，或者与本应用合作伙伴共享信息以便他们向您发送有关其产品和服务的信息（后者需要您的事先同意）。</p><p>3.信息披露</p><p>在如下情况下，本应用将依据您的个人意愿或法律的规定全部或部分的披露您的个人信息：</p><p>(a) 经您事先同意，向第三方披露；</p><p>(b)为提供您所要求的产品和服务，而必须和第三方分享您的个人信息；</p><p>(c) 根据法律的有关规定，或者行政或司法机构的要求，向第三方或者行政、司法机构披露；</p><p>(d) 如您出现违反中国有关法律、法规或者本应用服务协议或相关规则的情况，需要向第三方披露；</p><p>(e) 如您是适格的知识产权投诉人并已提起投诉，应被投诉人要求，向被投诉人披露，以便双方处理可能的权利纠纷；</p><p>(f) 在本应用平台上创建的某一交易中，如交易任何一方履行或部分履行了交易义务并提出信息披露请求的，本应用有权决定向该用户提供其交易对方的联络方式等必要信息，以促成交易的完成或纠纷的解决。</p><p>(g) 其它本应用根据法律、法规或者网站政策认为合适的披露。</p><p>4.信息存储和交换</p><p>本应用收集的有关您的信息和资料将保存在本应用及（或）其关联公司的服务器上，这些信息和资料可能传送至您所在国家、地区或本应用收集信息和资料所在地的境外并在境外被访问、存储和展示。</p><p>5.Cookie的使用</p><p>(a) 在您未拒绝接受cookies的情况下，本应用会在您的计算机上设定或取用cookies ，以便您能登录或使用依赖于cookies的本应用平台服务或功能。本应用使用cookies可为您提供更加周到的个性化服务，包括推广服务。</p><p>(b) 您有权选择接受或拒绝接受cookies。您可以通过修改浏览器设置的方式拒绝接受cookies。但如果您选择拒绝接受cookies，则您可能无法登录或使用依赖于cookies的本应用网络服务或功能。</p><p>(c) 通过本应用所设cookies所取得的有关信息，将适用本政策。</p><p>6.信息安全</p><p>(a) 本应用帐号均有安全保护功能，请妥善保管您的用户名及密码信息。本应用将通过对用户密码进行加密等安全措施确保您的信息不丢失，不被滥用和变造。尽管有前述安全措施，但同时也请您注意在信息网络上不存在“完善的安全措施”。</p><p>(b) 在使用本应用网络服务进行网上交易时，您不可避免的要向交易对方或潜在的交易对方披露自己的个人信息，如联络方式或者邮政地址。请您妥善保护自己的个人信息，仅在必要的情形下向他人提供。如您发现自己的个人信息泄密，尤其是本应用用户名及密码发生泄露，请您立即联络本应用客服，以便本应用采取相应措施。</p><p>7.本隐私政策的更改</p><p>(a)如果决定更改隐私政策，我们会在本政策中、本公司网站中以及我们认为适当的位置发布这些更改，以便您了解我们如何收集、使用您的个人信息，哪些人可以访问这些信息，以及在什么情况下我们会透露这些信息。</p><p>(b)本公司保留随时修改本政策的权利，因此请经常查看。如对本政策作出重大更改，本公司会通过网站通知的形式告知。</p>', 'zh_CN', '2021-03-11 17:21:19', '2021-03-11 17:21:19');
INSERT INTO `home_introduction` VALUES (21, 0, '持仓利息', '<p><b>&nbsp; 用户隐私政策</b></p><p>1.适用范围</p><p>(a) 在您注册本应用帐号时，您根据本应用要求提供的个人注册信息；</p><p>(b) 在您使用本应用网络服务，或访问本应用平台网页时，本应用自动接收并记录的您的浏览器和计算机上的信息，包括但不限于您的IP地址、浏览器的类型、使用的语言、访问日期和时间、软硬件特征信息及您需求的网页记录等数据；</p><p>(c) 本应用通过合法途径从商业伙伴处取得的用户个人数据。</p><p>您了解并同意，以下信息不适用本隐私权政策：</p><p>(a) 您在使用本应用平台提供的搜索服务时输入的关键字信息；</p><p>(b) 本应用收集到的您在本应用发布的有关信息数据，包括但不限于参与活动、成交信息及评价详情；</p><p>(c) 违反法律规定或违反本应用规则行为及本应用已对您采取的措施。</p><p>2.信息使用</p><p>(a)本应用不会向任何无关第三方提供、出售、出租、分享或交易您的个人信息，除非事先得到您的许可，或该第三方和本应用（含本应用关联公司）单独或共同为您提供服务，且在该服务结束后，其将被禁止访问包括其以前能够访问的所有这些资料。</p><p>(b) 本应用亦不允许任何第三方以任何手段收集、编辑、出售或者无偿传播您的个人信息。任何本应用平台用户如从事上述活动，一经发现，本应用有权立即终止与该用户的服务协议。</p><p>(c) 为服务用户的目的，本应用可能通过使用您的个人信息，向您提供您感兴趣的信息，包括但不限于向您发出产品和服务信息，或者与本应用合作伙伴共享信息以便他们向您发送有关其产品和服务的信息（后者需要您的事先同意）。</p><p>3.信息披露</p><p>在如下情况下，本应用将依据您的个人意愿或法律的规定全部或部分的披露您的个人信息：</p><p>(a) 经您事先同意，向第三方披露；</p><p>(b)为提供您所要求的产品和服务，而必须和第三方分享您的个人信息；</p><p>(c) 根据法律的有关规定，或者行政或司法机构的要求，向第三方或者行政、司法机构披露；</p><p>(d) 如您出现违反中国有关法律、法规或者本应用服务协议或相关规则的情况，需要向第三方披露；</p><p>(e) 如您是适格的知识产权投诉人并已提起投诉，应被投诉人要求，向被投诉人披露，以便双方处理可能的权利纠纷；</p><p>(f) 在本应用平台上创建的某一交易中，如交易任何一方履行或部分履行了交易义务并提出信息披露请求的，本应用有权决定向该用户提供其交易对方的联络方式等必要信息，以促成交易的完成或纠纷的解决。</p><p>(g) 其它本应用根据法律、法规或者网站政策认为合适的披露。</p><p>4.信息存储和交换</p><p>本应用收集的有关您的信息和资料将保存在本应用及（或）其关联公司的服务器上，这些信息和资料可能传送至您所在国家、地区或本应用收集信息和资料所在地的境外并在境外被访问、存储和展示。</p><p>5.Cookie的使用</p><p>(a) 在您未拒绝接受cookies的情况下，本应用会在您的计算机上设定或取用cookies ，以便您能登录或使用依赖于cookies的本应用平台服务或功能。本应用使用cookies可为您提供更加周到的个性化服务，包括推广服务。</p><p>(b) 您有权选择接受或拒绝接受cookies。您可以通过修改浏览器设置的方式拒绝接受cookies。但如果您选择拒绝接受cookies，则您可能无法登录或使用依赖于cookies的本应用网络服务或功能。</p><p>(c) 通过本应用所设cookies所取得的有关信息，将适用本政策。</p><p>6.信息安全</p><p>(a) 本应用帐号均有安全保护功能，请妥善保管您的用户名及密码信息。本应用将通过对用户密码进行加密等安全措施确保您的信息不丢失，不被滥用和变造。尽管有前述安全措施，但同时也请您注意在信息网络上不存在“完善的安全措施”。</p><p>(b) 在使用本应用网络服务进行网上交易时，您不可避免的要向交易对方或潜在的交易对方披露自己的个人信息，如联络方式或者邮政地址。请您妥善保护自己的个人信息，仅在必要的情形下向他人提供。如您发现自己的个人信息泄密，尤其是本应用用户名及密码发生泄露，请您立即联络本应用客服，以便本应用采取相应措施。</p><p>7.本隐私政策的更改</p><p>(a)如果决定更改隐私政策，我们会在本政策中、本公司网站中以及我们认为适当的位置发布这些更改，以便您了解我们如何收集、使用您的个人信息，哪些人可以访问这些信息，以及在什么情况下我们会透露这些信息。</p><p>(b)本公司保留随时修改本政策的权利，因此请经常查看。如对本政策作出重大更改，本公司会通过网站通知的形式告知。</p>', 'zh_CN', '2021-03-11 17:21:32', '2021-03-11 17:21:32');
INSERT INTO `home_introduction` VALUES (22, 0, '历史订单盈亏', '<p><b>&nbsp; 用户隐私政策</b></p><p>1.适用范围</p><p>(a) 在您注册本应用帐号时，您根据本应用要求提供的个人注册信息；</p><p>(b) 在您使用本应用网络服务，或访问本应用平台网页时，本应用自动接收并记录的您的浏览器和计算机上的信息，包括但不限于您的IP地址、浏览器的类型、使用的语言、访问日期和时间、软硬件特征信息及您需求的网页记录等数据；</p><p>(c) 本应用通过合法途径从商业伙伴处取得的用户个人数据。</p><p>您了解并同意，以下信息不适用本隐私权政策：</p><p>(a) 您在使用本应用平台提供的搜索服务时输入的关键字信息；</p><p>(b) 本应用收集到的您在本应用发布的有关信息数据，包括但不限于参与活动、成交信息及评价详情；</p><p>(c) 违反法律规定或违反本应用规则行为及本应用已对您采取的措施。</p><p>2.信息使用</p><p>(a)本应用不会向任何无关第三方提供、出售、出租、分享或交易您的个人信息，除非事先得到您的许可，或该第三方和本应用（含本应用关联公司）单独或共同为您提供服务，且在该服务结束后，其将被禁止访问包括其以前能够访问的所有这些资料。</p><p>(b) 本应用亦不允许任何第三方以任何手段收集、编辑、出售或者无偿传播您的个人信息。任何本应用平台用户如从事上述活动，一经发现，本应用有权立即终止与该用户的服务协议。</p><p>(c) 为服务用户的目的，本应用可能通过使用您的个人信息，向您提供您感兴趣的信息，包括但不限于向您发出产品和服务信息，或者与本应用合作伙伴共享信息以便他们向您发送有关其产品和服务的信息（后者需要您的事先同意）。</p><p>3.信息披露</p><p>在如下情况下，本应用将依据您的个人意愿或法律的规定全部或部分的披露您的个人信息：</p><p>(a) 经您事先同意，向第三方披露；</p><p>(b)为提供您所要求的产品和服务，而必须和第三方分享您的个人信息；</p><p>(c) 根据法律的有关规定，或者行政或司法机构的要求，向第三方或者行政、司法机构披露；</p><p>(d) 如您出现违反中国有关法律、法规或者本应用服务协议或相关规则的情况，需要向第三方披露；</p><p>(e) 如您是适格的知识产权投诉人并已提起投诉，应被投诉人要求，向被投诉人披露，以便双方处理可能的权利纠纷；</p><p>(f) 在本应用平台上创建的某一交易中，如交易任何一方履行或部分履行了交易义务并提出信息披露请求的，本应用有权决定向该用户提供其交易对方的联络方式等必要信息，以促成交易的完成或纠纷的解决。</p><p>(g) 其它本应用根据法律、法规或者网站政策认为合适的披露。</p><p>4.信息存储和交换</p><p>本应用收集的有关您的信息和资料将保存在本应用及（或）其关联公司的服务器上，这些信息和资料可能传送至您所在国家、地区或本应用收集信息和资料所在地的境外并在境外被访问、存储和展示。</p><p>5.Cookie的使用</p><p>(a) 在您未拒绝接受cookies的情况下，本应用会在您的计算机上设定或取用cookies ，以便您能登录或使用依赖于cookies的本应用平台服务或功能。本应用使用cookies可为您提供更加周到的个性化服务，包括推广服务。</p><p>(b) 您有权选择接受或拒绝接受cookies。您可以通过修改浏览器设置的方式拒绝接受cookies。但如果您选择拒绝接受cookies，则您可能无法登录或使用依赖于cookies的本应用网络服务或功能。</p><p>(c) 通过本应用所设cookies所取得的有关信息，将适用本政策。</p><p>6.信息安全</p><p>(a) 本应用帐号均有安全保护功能，请妥善保管您的用户名及密码信息。本应用将通过对用户密码进行加密等安全措施确保您的信息不丢失，不被滥用和变造。尽管有前述安全措施，但同时也请您注意在信息网络上不存在“完善的安全措施”。</p><p>(b) 在使用本应用网络服务进行网上交易时，您不可避免的要向交易对方或潜在的交易对方披露自己的个人信息，如联络方式或者邮政地址。请您妥善保护自己的个人信息，仅在必要的情形下向他人提供。如您发现自己的个人信息泄密，尤其是本应用用户名及密码发生泄露，请您立即联络本应用客服，以便本应用采取相应措施。</p><p>7.本隐私政策的更改</p><p>(a)如果决定更改隐私政策，我们会在本政策中、本公司网站中以及我们认为适当的位置发布这些更改，以便您了解我们如何收集、使用您的个人信息，哪些人可以访问这些信息，以及在什么情况下我们会透露这些信息。</p><p>(b)本公司保留随时修改本政策的权利，因此请经常查看。如对本政策作出重大更改，本公司会通过网站通知的形式告知。</p>', 'zh_CN', '2021-03-11 17:22:25', '2021-03-11 17:22:25');
INSERT INTO `home_introduction` VALUES (23, 0, '历史利息', '<p><b>&nbsp; 用户隐私政策</b></p><p>1.适用范围</p><p>(a) 在您注册本应用帐号时，您根据本应用要求提供的个人注册信息；</p><p>(b) 在您使用本应用网络服务，或访问本应用平台网页时，本应用自动接收并记录的您的浏览器和计算机上的信息，包括但不限于您的IP地址、浏览器的类型、使用的语言、访问日期和时间、软硬件特征信息及您需求的网页记录等数据；</p><p>(c) 本应用通过合法途径从商业伙伴处取得的用户个人数据。</p><p>您了解并同意，以下信息不适用本隐私权政策：</p><p>(a) 您在使用本应用平台提供的搜索服务时输入的关键字信息；</p><p>(b) 本应用收集到的您在本应用发布的有关信息数据，包括但不限于参与活动、成交信息及评价详情；</p><p>(c) 违反法律规定或违反本应用规则行为及本应用已对您采取的措施。</p><p>2.信息使用</p><p>(a)本应用不会向任何无关第三方提供、出售、出租、分享或交易您的个人信息，除非事先得到您的许可，或该第三方和本应用（含本应用关联公司）单独或共同为您提供服务，且在该服务结束后，其将被禁止访问包括其以前能够访问的所有这些资料。</p><p>(b) 本应用亦不允许任何第三方以任何手段收集、编辑、出售或者无偿传播您的个人信息。任何本应用平台用户如从事上述活动，一经发现，本应用有权立即终止与该用户的服务协议。</p><p>(c) 为服务用户的目的，本应用可能通过使用您的个人信息，向您提供您感兴趣的信息，包括但不限于向您发出产品和服务信息，或者与本应用合作伙伴共享信息以便他们向您发送有关其产品和服务的信息（后者需要您的事先同意）。</p><p>3.信息披露</p><p>在如下情况下，本应用将依据您的个人意愿或法律的规定全部或部分的披露您的个人信息：</p><p>(a) 经您事先同意，向第三方披露；</p><p>(b)为提供您所要求的产品和服务，而必须和第三方分享您的个人信息；</p><p>(c) 根据法律的有关规定，或者行政或司法机构的要求，向第三方或者行政、司法机构披露；</p><p>(d) 如您出现违反中国有关法律、法规或者本应用服务协议或相关规则的情况，需要向第三方披露；</p><p>(e) 如您是适格的知识产权投诉人并已提起投诉，应被投诉人要求，向被投诉人披露，以便双方处理可能的权利纠纷；</p><p>(f) 在本应用平台上创建的某一交易中，如交易任何一方履行或部分履行了交易义务并提出信息披露请求的，本应用有权决定向该用户提供其交易对方的联络方式等必要信息，以促成交易的完成或纠纷的解决。</p><p>(g) 其它本应用根据法律、法规或者网站政策认为合适的披露。</p><p>4.信息存储和交换</p><p>本应用收集的有关您的信息和资料将保存在本应用及（或）其关联公司的服务器上，这些信息和资料可能传送至您所在国家、地区或本应用收集信息和资料所在地的境外并在境外被访问、存储和展示。</p><p>5.Cookie的使用</p><p>(a) 在您未拒绝接受cookies的情况下，本应用会在您的计算机上设定或取用cookies ，以便您能登录或使用依赖于cookies的本应用平台服务或功能。本应用使用cookies可为您提供更加周到的个性化服务，包括推广服务。</p><p>(b) 您有权选择接受或拒绝接受cookies。您可以通过修改浏览器设置的方式拒绝接受cookies。但如果您选择拒绝接受cookies，则您可能无法登录或使用依赖于cookies的本应用网络服务或功能。</p><p>(c) 通过本应用所设cookies所取得的有关信息，将适用本政策。</p><p>6.信息安全</p><p>(a) 本应用帐号均有安全保护功能，请妥善保管您的用户名及密码信息。本应用将通过对用户密码进行加密等安全措施确保您的信息不丢失，不被滥用和变造。尽管有前述安全措施，但同时也请您注意在信息网络上不存在“完善的安全措施”。</p><p>(b) 在使用本应用网络服务进行网上交易时，您不可避免的要向交易对方或潜在的交易对方披露自己的个人信息，如联络方式或者邮政地址。请您妥善保护自己的个人信息，仅在必要的情形下向他人提供。如您发现自己的个人信息泄密，尤其是本应用用户名及密码发生泄露，请您立即联络本应用客服，以便本应用采取相应措施。</p><p>7.本隐私政策的更改</p><p>(a)如果决定更改隐私政策，我们会在本政策中、本公司网站中以及我们认为适当的位置发布这些更改，以便您了解我们如何收集、使用您的个人信息，哪些人可以访问这些信息，以及在什么情况下我们会透露这些信息。</p><p>(b)本公司保留随时修改本政策的权利，因此请经常查看。如对本政策作出重大更改，本公司会通过网站通知的形式告知。</p>', 'zh_CN', '2021-03-11 17:22:43', '2021-03-11 17:22:43');
INSERT INTO `home_introduction` VALUES (24, 0, '做空价线', '<p><b>&nbsp; 用户隐私政策</b></p><p>1.适用范围</p><p>(a) 在您注册本应用帐号时，您根据本应用要求提供的个人注册信息；</p><p>(b) 在您使用本应用网络服务，或访问本应用平台网页时，本应用自动接收并记录的您的浏览器和计算机上的信息，包括但不限于您的IP地址、浏览器的类型、使用的语言、访问日期和时间、软硬件特征信息及您需求的网页记录等数据；</p><p>(c) 本应用通过合法途径从商业伙伴处取得的用户个人数据。</p><p>您了解并同意，以下信息不适用本隐私权政策：</p><p>(a) 您在使用本应用平台提供的搜索服务时输入的关键字信息；</p><p>(b) 本应用收集到的您在本应用发布的有关信息数据，包括但不限于参与活动、成交信息及评价详情；</p><p>(c) 违反法律规定或违反本应用规则行为及本应用已对您采取的措施。</p><p>2.信息使用</p><p>(a)本应用不会向任何无关第三方提供、出售、出租、分享或交易您的个人信息，除非事先得到您的许可，或该第三方和本应用（含本应用关联公司）单独或共同为您提供服务，且在该服务结束后，其将被禁止访问包括其以前能够访问的所有这些资料。</p><p>(b) 本应用亦不允许任何第三方以任何手段收集、编辑、出售或者无偿传播您的个人信息。任何本应用平台用户如从事上述活动，一经发现，本应用有权立即终止与该用户的服务协议。</p><p>(c) 为服务用户的目的，本应用可能通过使用您的个人信息，向您提供您感兴趣的信息，包括但不限于向您发出产品和服务信息，或者与本应用合作伙伴共享信息以便他们向您发送有关其产品和服务的信息（后者需要您的事先同意）。</p><p>3.信息披露</p><p>在如下情况下，本应用将依据您的个人意愿或法律的规定全部或部分的披露您的个人信息：</p><p>(a) 经您事先同意，向第三方披露；</p><p>(b)为提供您所要求的产品和服务，而必须和第三方分享您的个人信息；</p><p>(c) 根据法律的有关规定，或者行政或司法机构的要求，向第三方或者行政、司法机构披露；</p><p>(d) 如您出现违反中国有关法律、法规或者本应用服务协议或相关规则的情况，需要向第三方披露；</p><p>(e) 如您是适格的知识产权投诉人并已提起投诉，应被投诉人要求，向被投诉人披露，以便双方处理可能的权利纠纷；</p><p>(f) 在本应用平台上创建的某一交易中，如交易任何一方履行或部分履行了交易义务并提出信息披露请求的，本应用有权决定向该用户提供其交易对方的联络方式等必要信息，以促成交易的完成或纠纷的解决。</p><p>(g) 其它本应用根据法律、法规或者网站政策认为合适的披露。</p><p>4.信息存储和交换</p><p>本应用收集的有关您的信息和资料将保存在本应用及（或）其关联公司的服务器上，这些信息和资料可能传送至您所在国家、地区或本应用收集信息和资料所在地的境外并在境外被访问、存储和展示。</p><p>5.Cookie的使用</p><p>(a) 在您未拒绝接受cookies的情况下，本应用会在您的计算机上设定或取用cookies ，以便您能登录或使用依赖于cookies的本应用平台服务或功能。本应用使用cookies可为您提供更加周到的个性化服务，包括推广服务。</p><p>(b) 您有权选择接受或拒绝接受cookies。您可以通过修改浏览器设置的方式拒绝接受cookies。但如果您选择拒绝接受cookies，则您可能无法登录或使用依赖于cookies的本应用网络服务或功能。</p><p>(c) 通过本应用所设cookies所取得的有关信息，将适用本政策。</p><p>6.信息安全</p><p>(a) 本应用帐号均有安全保护功能，请妥善保管您的用户名及密码信息。本应用将通过对用户密码进行加密等安全措施确保您的信息不丢失，不被滥用和变造。尽管有前述安全措施，但同时也请您注意在信息网络上不存在“完善的安全措施”。</p><p>(b) 在使用本应用网络服务进行网上交易时，您不可避免的要向交易对方或潜在的交易对方披露自己的个人信息，如联络方式或者邮政地址。请您妥善保护自己的个人信息，仅在必要的情形下向他人提供。如您发现自己的个人信息泄密，尤其是本应用用户名及密码发生泄露，请您立即联络本应用客服，以便本应用采取相应措施。</p><p>7.本隐私政策的更改</p><p>(a)如果决定更改隐私政策，我们会在本政策中、本公司网站中以及我们认为适当的位置发布这些更改，以便您了解我们如何收集、使用您的个人信息，哪些人可以访问这些信息，以及在什么情况下我们会透露这些信息。</p><p>(b)本公司保留随时修改本政策的权利，因此请经常查看。如对本政策作出重大更改，本公司会通过网站通知的形式告知。</p>', 'zh_CN', '2021-03-11 17:24:27', '2021-03-11 17:24:27');
INSERT INTO `home_introduction` VALUES (25, 0, '做多价线', '<p><b>&nbsp; 用户隐私政策</b></p><p>1.适用范围</p><p>(a) 在您注册本应用帐号时，您根据本应用要求提供的个人注册信息；</p><p>(b) 在您使用本应用网络服务，或访问本应用平台网页时，本应用自动接收并记录的您的浏览器和计算机上的信息，包括但不限于您的IP地址、浏览器的类型、使用的语言、访问日期和时间、软硬件特征信息及您需求的网页记录等数据；</p><p>(c) 本应用通过合法途径从商业伙伴处取得的用户个人数据。</p><p>您了解并同意，以下信息不适用本隐私权政策：</p><p>(a) 您在使用本应用平台提供的搜索服务时输入的关键字信息；</p><p>(b) 本应用收集到的您在本应用发布的有关信息数据，包括但不限于参与活动、成交信息及评价详情；</p><p>(c) 违反法律规定或违反本应用规则行为及本应用已对您采取的措施。</p><p>2.信息使用</p><p>(a)本应用不会向任何无关第三方提供、出售、出租、分享或交易您的个人信息，除非事先得到您的许可，或该第三方和本应用（含本应用关联公司）单独或共同为您提供服务，且在该服务结束后，其将被禁止访问包括其以前能够访问的所有这些资料。</p><p>(b) 本应用亦不允许任何第三方以任何手段收集、编辑、出售或者无偿传播您的个人信息。任何本应用平台用户如从事上述活动，一经发现，本应用有权立即终止与该用户的服务协议。</p><p>(c) 为服务用户的目的，本应用可能通过使用您的个人信息，向您提供您感兴趣的信息，包括但不限于向您发出产品和服务信息，或者与本应用合作伙伴共享信息以便他们向您发送有关其产品和服务的信息（后者需要您的事先同意）。</p><p>3.信息披露</p><p>在如下情况下，本应用将依据您的个人意愿或法律的规定全部或部分的披露您的个人信息：</p><p>(a) 经您事先同意，向第三方披露；</p><p>(b)为提供您所要求的产品和服务，而必须和第三方分享您的个人信息；</p><p>(c) 根据法律的有关规定，或者行政或司法机构的要求，向第三方或者行政、司法机构披露；</p><p>(d) 如您出现违反中国有关法律、法规或者本应用服务协议或相关规则的情况，需要向第三方披露；</p><p>(e) 如您是适格的知识产权投诉人并已提起投诉，应被投诉人要求，向被投诉人披露，以便双方处理可能的权利纠纷；</p><p>(f) 在本应用平台上创建的某一交易中，如交易任何一方履行或部分履行了交易义务并提出信息披露请求的，本应用有权决定向该用户提供其交易对方的联络方式等必要信息，以促成交易的完成或纠纷的解决。</p><p>(g) 其它本应用根据法律、法规或者网站政策认为合适的披露。</p><p>4.信息存储和交换</p><p>本应用收集的有关您的信息和资料将保存在本应用及（或）其关联公司的服务器上，这些信息和资料可能传送至您所在国家、地区或本应用收集信息和资料所在地的境外并在境外被访问、存储和展示。</p><p>5.Cookie的使用</p><p>(a) 在您未拒绝接受cookies的情况下，本应用会在您的计算机上设定或取用cookies ，以便您能登录或使用依赖于cookies的本应用平台服务或功能。本应用使用cookies可为您提供更加周到的个性化服务，包括推广服务。</p><p>(b) 您有权选择接受或拒绝接受cookies。您可以通过修改浏览器设置的方式拒绝接受cookies。但如果您选择拒绝接受cookies，则您可能无法登录或使用依赖于cookies的本应用网络服务或功能。</p><p>(c) 通过本应用所设cookies所取得的有关信息，将适用本政策。</p><p>6.信息安全</p><p>(a) 本应用帐号均有安全保护功能，请妥善保管您的用户名及密码信息。本应用将通过对用户密码进行加密等安全措施确保您的信息不丢失，不被滥用和变造。尽管有前述安全措施，但同时也请您注意在信息网络上不存在“完善的安全措施”。</p><p>(b) 在使用本应用网络服务进行网上交易时，您不可避免的要向交易对方或潜在的交易对方披露自己的个人信息，如联络方式或者邮政地址。请您妥善保护自己的个人信息，仅在必要的情形下向他人提供。如您发现自己的个人信息泄密，尤其是本应用用户名及密码发生泄露，请您立即联络本应用客服，以便本应用采取相应措施。</p><p>7.本隐私政策的更改</p><p>(a)如果决定更改隐私政策，我们会在本政策中、本公司网站中以及我们认为适当的位置发布这些更改，以便您了解我们如何收集、使用您的个人信息，哪些人可以访问这些信息，以及在什么情况下我们会透露这些信息。</p><p>(b)本公司保留随时修改本政策的权利，因此请经常查看。如对本政策作出重大更改，本公司会通过网站通知的形式告知。</p>', 'zh_CN', '2021-03-11 17:24:51', '2021-03-11 17:24:51');
INSERT INTO `home_introduction` VALUES (26, 0, '仓位线', '<p><b>&nbsp; 用户隐私政策</b></p><p>1.适用范围</p><p>(a) 在您注册本应用帐号时，您根据本应用要求提供的个人注册信息；</p><p>(b) 在您使用本应用网络服务，或访问本应用平台网页时，本应用自动接收并记录的您的浏览器和计算机上的信息，包括但不限于您的IP地址、浏览器的类型、使用的语言、访问日期和时间、软硬件特征信息及您需求的网页记录等数据；</p><p>(c) 本应用通过合法途径从商业伙伴处取得的用户个人数据。</p><p>您了解并同意，以下信息不适用本隐私权政策：</p><p>(a) 您在使用本应用平台提供的搜索服务时输入的关键字信息；</p><p>(b) 本应用收集到的您在本应用发布的有关信息数据，包括但不限于参与活动、成交信息及评价详情；</p><p>(c) 违反法律规定或违反本应用规则行为及本应用已对您采取的措施。</p><p>2.信息使用</p><p>(a)本应用不会向任何无关第三方提供、出售、出租、分享或交易您的个人信息，除非事先得到您的许可，或该第三方和本应用（含本应用关联公司）单独或共同为您提供服务，且在该服务结束后，其将被禁止访问包括其以前能够访问的所有这些资料。</p><p>(b) 本应用亦不允许任何第三方以任何手段收集、编辑、出售或者无偿传播您的个人信息。任何本应用平台用户如从事上述活动，一经发现，本应用有权立即终止与该用户的服务协议。</p><p>(c) 为服务用户的目的，本应用可能通过使用您的个人信息，向您提供您感兴趣的信息，包括但不限于向您发出产品和服务信息，或者与本应用合作伙伴共享信息以便他们向您发送有关其产品和服务的信息（后者需要您的事先同意）。</p><p>3.信息披露</p><p>在如下情况下，本应用将依据您的个人意愿或法律的规定全部或部分的披露您的个人信息：</p><p>(a) 经您事先同意，向第三方披露；</p><p>(b)为提供您所要求的产品和服务，而必须和第三方分享您的个人信息；</p><p>(c) 根据法律的有关规定，或者行政或司法机构的要求，向第三方或者行政、司法机构披露；</p><p>(d) 如您出现违反中国有关法律、法规或者本应用服务协议或相关规则的情况，需要向第三方披露；</p><p>(e) 如您是适格的知识产权投诉人并已提起投诉，应被投诉人要求，向被投诉人披露，以便双方处理可能的权利纠纷；</p><p>(f) 在本应用平台上创建的某一交易中，如交易任何一方履行或部分履行了交易义务并提出信息披露请求的，本应用有权决定向该用户提供其交易对方的联络方式等必要信息，以促成交易的完成或纠纷的解决。</p><p>(g) 其它本应用根据法律、法规或者网站政策认为合适的披露。</p><p>4.信息存储和交换</p><p>本应用收集的有关您的信息和资料将保存在本应用及（或）其关联公司的服务器上，这些信息和资料可能传送至您所在国家、地区或本应用收集信息和资料所在地的境外并在境外被访问、存储和展示。</p><p>5.Cookie的使用</p><p>(a) 在您未拒绝接受cookies的情况下，本应用会在您的计算机上设定或取用cookies ，以便您能登录或使用依赖于cookies的本应用平台服务或功能。本应用使用cookies可为您提供更加周到的个性化服务，包括推广服务。</p><p>(b) 您有权选择接受或拒绝接受cookies。您可以通过修改浏览器设置的方式拒绝接受cookies。但如果您选择拒绝接受cookies，则您可能无法登录或使用依赖于cookies的本应用网络服务或功能。</p><p>(c) 通过本应用所设cookies所取得的有关信息，将适用本政策。</p><p>6.信息安全</p><p>(a) 本应用帐号均有安全保护功能，请妥善保管您的用户名及密码信息。本应用将通过对用户密码进行加密等安全措施确保您的信息不丢失，不被滥用和变造。尽管有前述安全措施，但同时也请您注意在信息网络上不存在“完善的安全措施”。</p><p>(b) 在使用本应用网络服务进行网上交易时，您不可避免的要向交易对方或潜在的交易对方披露自己的个人信息，如联络方式或者邮政地址。请您妥善保护自己的个人信息，仅在必要的情形下向他人提供。如您发现自己的个人信息泄密，尤其是本应用用户名及密码发生泄露，请您立即联络本应用客服，以便本应用采取相应措施。</p><p>7.本隐私政策的更改</p><p>(a)如果决定更改隐私政策，我们会在本政策中、本公司网站中以及我们认为适当的位置发布这些更改，以便您了解我们如何收集、使用您的个人信息，哪些人可以访问这些信息，以及在什么情况下我们会透露这些信息。</p><p>(b)本公司保留随时修改本政策的权利，因此请经常查看。如对本政策作出重大更改，本公司会通过网站通知的形式告知。</p>', 'zh_CN', '2021-03-11 17:25:09', '2021-03-11 17:25:09');
INSERT INTO `home_introduction` VALUES (27, 0, '入金常见问题', '<p><b>&nbsp; 用户隐私政策</b></p><p>1.适用范围</p><p>(a) 在您注册本应用帐号时，您根据本应用要求提供的个人注册信息；</p><p>(b) 在您使用本应用网络服务，或访问本应用平台网页时，本应用自动接收并记录的您的浏览器和计算机上的信息，包括但不限于您的IP地址、浏览器的类型、使用的语言、访问日期和时间、软硬件特征信息及您需求的网页记录等数据；</p><p>(c) 本应用通过合法途径从商业伙伴处取得的用户个人数据。</p><p>您了解并同意，以下信息不适用本隐私权政策：</p><p>(a) 您在使用本应用平台提供的搜索服务时输入的关键字信息；</p><p>(b) 本应用收集到的您在本应用发布的有关信息数据，包括但不限于参与活动、成交信息及评价详情；</p><p>(c) 违反法律规定或违反本应用规则行为及本应用已对您采取的措施。</p><p>2.信息使用</p><p>(a)本应用不会向任何无关第三方提供、出售、出租、分享或交易您的个人信息，除非事先得到您的许可，或该第三方和本应用（含本应用关联公司）单独或共同为您提供服务，且在该服务结束后，其将被禁止访问包括其以前能够访问的所有这些资料。</p><p>(b) 本应用亦不允许任何第三方以任何手段收集、编辑、出售或者无偿传播您的个人信息。任何本应用平台用户如从事上述活动，一经发现，本应用有权立即终止与该用户的服务协议。</p><p>(c) 为服务用户的目的，本应用可能通过使用您的个人信息，向您提供您感兴趣的信息，包括但不限于向您发出产品和服务信息，或者与本应用合作伙伴共享信息以便他们向您发送有关其产品和服务的信息（后者需要您的事先同意）。</p><p>3.信息披露</p><p>在如下情况下，本应用将依据您的个人意愿或法律的规定全部或部分的披露您的个人信息：</p><p>(a) 经您事先同意，向第三方披露；</p><p>(b)为提供您所要求的产品和服务，而必须和第三方分享您的个人信息；</p><p>(c) 根据法律的有关规定，或者行政或司法机构的要求，向第三方或者行政、司法机构披露；</p><p>(d) 如您出现违反中国有关法律、法规或者本应用服务协议或相关规则的情况，需要向第三方披露；</p><p>(e) 如您是适格的知识产权投诉人并已提起投诉，应被投诉人要求，向被投诉人披露，以便双方处理可能的权利纠纷；</p><p>(f) 在本应用平台上创建的某一交易中，如交易任何一方履行或部分履行了交易义务并提出信息披露请求的，本应用有权决定向该用户提供其交易对方的联络方式等必要信息，以促成交易的完成或纠纷的解决。</p><p>(g) 其它本应用根据法律、法规或者网站政策认为合适的披露。</p><p>4.信息存储和交换</p><p>本应用收集的有关您的信息和资料将保存在本应用及（或）其关联公司的服务器上，这些信息和资料可能传送至您所在国家、地区或本应用收集信息和资料所在地的境外并在境外被访问、存储和展示。</p><p>5.Cookie的使用</p><p>(a) 在您未拒绝接受cookies的情况下，本应用会在您的计算机上设定或取用cookies ，以便您能登录或使用依赖于cookies的本应用平台服务或功能。本应用使用cookies可为您提供更加周到的个性化服务，包括推广服务。</p><p>(b) 您有权选择接受或拒绝接受cookies。您可以通过修改浏览器设置的方式拒绝接受cookies。但如果您选择拒绝接受cookies，则您可能无法登录或使用依赖于cookies的本应用网络服务或功能。</p><p>(c) 通过本应用所设cookies所取得的有关信息，将适用本政策。</p><p>6.信息安全</p><p>(a) 本应用帐号均有安全保护功能，请妥善保管您的用户名及密码信息。本应用将通过对用户密码进行加密等安全措施确保您的信息不丢失，不被滥用和变造。尽管有前述安全措施，但同时也请您注意在信息网络上不存在“完善的安全措施”。</p><p>(b) 在使用本应用网络服务进行网上交易时，您不可避免的要向交易对方或潜在的交易对方披露自己的个人信息，如联络方式或者邮政地址。请您妥善保护自己的个人信息，仅在必要的情形下向他人提供。如您发现自己的个人信息泄密，尤其是本应用用户名及密码发生泄露，请您立即联络本应用客服，以便本应用采取相应措施。</p><p>7.本隐私政策的更改</p><p>(a)如果决定更改隐私政策，我们会在本政策中、本公司网站中以及我们认为适当的位置发布这些更改，以便您了解我们如何收集、使用您的个人信息，哪些人可以访问这些信息，以及在什么情况下我们会透露这些信息。</p><p>(b)本公司保留随时修改本政策的权利，因此请经常查看。如对本政策作出重大更改，本公司会通过网站通知的形式告知。</p>', 'zh_CN', '2021-03-11 17:26:06', '2021-03-11 17:26:06');
INSERT INTO `home_introduction` VALUES (28, 0, '投机情绪报告', '<p><b>&nbsp; 用户隐私政策</b></p><p>1.适用范围</p><p>(a) 在您注册本应用帐号时，您根据本应用要求提供的个人注册信息；</p><p>(b) 在您使用本应用网络服务，或访问本应用平台网页时，本应用自动接收并记录的您的浏览器和计算机上的信息，包括但不限于您的IP地址、浏览器的类型、使用的语言、访问日期和时间、软硬件特征信息及您需求的网页记录等数据；</p><p>(c) 本应用通过合法途径从商业伙伴处取得的用户个人数据。</p><p>您了解并同意，以下信息不适用本隐私权政策：</p><p>(a) 您在使用本应用平台提供的搜索服务时输入的关键字信息；</p><p>(b) 本应用收集到的您在本应用发布的有关信息数据，包括但不限于参与活动、成交信息及评价详情；</p><p>(c) 违反法律规定或违反本应用规则行为及本应用已对您采取的措施。</p><p>2.信息使用</p><p>(a)本应用不会向任何无关第三方提供、出售、出租、分享或交易您的个人信息，除非事先得到您的许可，或该第三方和本应用（含本应用关联公司）单独或共同为您提供服务，且在该服务结束后，其将被禁止访问包括其以前能够访问的所有这些资料。</p><p>(b) 本应用亦不允许任何第三方以任何手段收集、编辑、出售或者无偿传播您的个人信息。任何本应用平台用户如从事上述活动，一经发现，本应用有权立即终止与该用户的服务协议。</p><p>(c) 为服务用户的目的，本应用可能通过使用您的个人信息，向您提供您感兴趣的信息，包括但不限于向您发出产品和服务信息，或者与本应用合作伙伴共享信息以便他们向您发送有关其产品和服务的信息（后者需要您的事先同意）。</p><p>3.信息披露</p><p>在如下情况下，本应用将依据您的个人意愿或法律的规定全部或部分的披露您的个人信息：</p><p>(a) 经您事先同意，向第三方披露；</p><p>(b)为提供您所要求的产品和服务，而必须和第三方分享您的个人信息；</p><p>(c) 根据法律的有关规定，或者行政或司法机构的要求，向第三方或者行政、司法机构披露；</p><p>(d) 如您出现违反中国有关法律、法规或者本应用服务协议或相关规则的情况，需要向第三方披露；</p><p>(e) 如您是适格的知识产权投诉人并已提起投诉，应被投诉人要求，向被投诉人披露，以便双方处理可能的权利纠纷；</p><p>(f) 在本应用平台上创建的某一交易中，如交易任何一方履行或部分履行了交易义务并提出信息披露请求的，本应用有权决定向该用户提供其交易对方的联络方式等必要信息，以促成交易的完成或纠纷的解决。</p><p>(g) 其它本应用根据法律、法规或者网站政策认为合适的披露。</p><p>4.信息存储和交换</p><p>本应用收集的有关您的信息和资料将保存在本应用及（或）其关联公司的服务器上，这些信息和资料可能传送至您所在国家、地区或本应用收集信息和资料所在地的境外并在境外被访问、存储和展示。</p><p>5.Cookie的使用</p><p>(a) 在您未拒绝接受cookies的情况下，本应用会在您的计算机上设定或取用cookies ，以便您能登录或使用依赖于cookies的本应用平台服务或功能。本应用使用cookies可为您提供更加周到的个性化服务，包括推广服务。</p><p>(b) 您有权选择接受或拒绝接受cookies。您可以通过修改浏览器设置的方式拒绝接受cookies。但如果您选择拒绝接受cookies，则您可能无法登录或使用依赖于cookies的本应用网络服务或功能。</p><p>(c) 通过本应用所设cookies所取得的有关信息，将适用本政策。</p><p>6.信息安全</p><p>(a) 本应用帐号均有安全保护功能，请妥善保管您的用户名及密码信息。本应用将通过对用户密码进行加密等安全措施确保您的信息不丢失，不被滥用和变造。尽管有前述安全措施，但同时也请您注意在信息网络上不存在“完善的安全措施”。</p><p>(b) 在使用本应用网络服务进行网上交易时，您不可避免的要向交易对方或潜在的交易对方披露自己的个人信息，如联络方式或者邮政地址。请您妥善保护自己的个人信息，仅在必要的情形下向他人提供。如您发现自己的个人信息泄密，尤其是本应用用户名及密码发生泄露，请您立即联络本应用客服，以便本应用采取相应措施。</p><p>7.本隐私政策的更改</p><p>(a)如果决定更改隐私政策，我们会在本政策中、本公司网站中以及我们认为适当的位置发布这些更改，以便您了解我们如何收集、使用您的个人信息，哪些人可以访问这些信息，以及在什么情况下我们会透露这些信息。</p><p>(b)本公司保留随时修改本政策的权利，因此请经常查看。如对本政策作出重大更改，本公司会通过网站通知的形式告知。</p>', 'zh_CN', '2021-03-11 17:29:40', '2021-03-11 17:29:40');
INSERT INTO `home_introduction` VALUES (29, 0, '投行订单', '<p><b>&nbsp; 用户隐私政策</b></p><p>1.适用范围</p><p>(a) 在您注册本应用帐号时，您根据本应用要求提供的个人注册信息；</p><p>(b) 在您使用本应用网络服务，或访问本应用平台网页时，本应用自动接收并记录的您的浏览器和计算机上的信息，包括但不限于您的IP地址、浏览器的类型、使用的语言、访问日期和时间、软硬件特征信息及您需求的网页记录等数据；</p><p>(c) 本应用通过合法途径从商业伙伴处取得的用户个人数据。</p><p>您了解并同意，以下信息不适用本隐私权政策：</p><p>(a) 您在使用本应用平台提供的搜索服务时输入的关键字信息；</p><p>(b) 本应用收集到的您在本应用发布的有关信息数据，包括但不限于参与活动、成交信息及评价详情；</p><p>(c) 违反法律规定或违反本应用规则行为及本应用已对您采取的措施。</p><p>2.信息使用</p><p>(a)本应用不会向任何无关第三方提供、出售、出租、分享或交易您的个人信息，除非事先得到您的许可，或该第三方和本应用（含本应用关联公司）单独或共同为您提供服务，且在该服务结束后，其将被禁止访问包括其以前能够访问的所有这些资料。</p><p>(b) 本应用亦不允许任何第三方以任何手段收集、编辑、出售或者无偿传播您的个人信息。任何本应用平台用户如从事上述活动，一经发现，本应用有权立即终止与该用户的服务协议。</p><p>(c) 为服务用户的目的，本应用可能通过使用您的个人信息，向您提供您感兴趣的信息，包括但不限于向您发出产品和服务信息，或者与本应用合作伙伴共享信息以便他们向您发送有关其产品和服务的信息（后者需要您的事先同意）。</p><p>3.信息披露</p><p>在如下情况下，本应用将依据您的个人意愿或法律的规定全部或部分的披露您的个人信息：</p><p>(a) 经您事先同意，向第三方披露；</p><p>(b)为提供您所要求的产品和服务，而必须和第三方分享您的个人信息；</p><p>(c) 根据法律的有关规定，或者行政或司法机构的要求，向第三方或者行政、司法机构披露；</p><p>(d) 如您出现违反中国有关法律、法规或者本应用服务协议或相关规则的情况，需要向第三方披露；</p><p>(e) 如您是适格的知识产权投诉人并已提起投诉，应被投诉人要求，向被投诉人披露，以便双方处理可能的权利纠纷；</p><p>(f) 在本应用平台上创建的某一交易中，如交易任何一方履行或部分履行了交易义务并提出信息披露请求的，本应用有权决定向该用户提供其交易对方的联络方式等必要信息，以促成交易的完成或纠纷的解决。</p><p>(g) 其它本应用根据法律、法规或者网站政策认为合适的披露。</p><p>4.信息存储和交换</p><p>本应用收集的有关您的信息和资料将保存在本应用及（或）其关联公司的服务器上，这些信息和资料可能传送至您所在国家、地区或本应用收集信息和资料所在地的境外并在境外被访问、存储和展示。</p><p>5.Cookie的使用</p><p>(a) 在您未拒绝接受cookies的情况下，本应用会在您的计算机上设定或取用cookies ，以便您能登录或使用依赖于cookies的本应用平台服务或功能。本应用使用cookies可为您提供更加周到的个性化服务，包括推广服务。</p><p>(b) 您有权选择接受或拒绝接受cookies。您可以通过修改浏览器设置的方式拒绝接受cookies。但如果您选择拒绝接受cookies，则您可能无法登录或使用依赖于cookies的本应用网络服务或功能。</p><p>(c) 通过本应用所设cookies所取得的有关信息，将适用本政策。</p><p>6.信息安全</p><p>(a) 本应用帐号均有安全保护功能，请妥善保管您的用户名及密码信息。本应用将通过对用户密码进行加密等安全措施确保您的信息不丢失，不被滥用和变造。尽管有前述安全措施，但同时也请您注意在信息网络上不存在“完善的安全措施”。</p><p>(b) 在使用本应用网络服务进行网上交易时，您不可避免的要向交易对方或潜在的交易对方披露自己的个人信息，如联络方式或者邮政地址。请您妥善保护自己的个人信息，仅在必要的情形下向他人提供。如您发现自己的个人信息泄密，尤其是本应用用户名及密码发生泄露，请您立即联络本应用客服，以便本应用采取相应措施。</p><p>7.本隐私政策的更改</p><p>(a)如果决定更改隐私政策，我们会在本政策中、本公司网站中以及我们认为适当的位置发布这些更改，以便您了解我们如何收集、使用您的个人信息，哪些人可以访问这些信息，以及在什么情况下我们会透露这些信息。</p><p>(b)本公司保留随时修改本政策的权利，因此请经常查看。如对本政策作出重大更改，本公司会通过网站通知的形式告知。</p>', 'zh_CN', '2021-03-11 17:29:58', '2021-03-11 17:29:58');
INSERT INTO `home_introduction` VALUES (30, 0, '黄金EFT持仓报告', '<p><b>&nbsp; 用户隐私政策</b></p><p>1.适用范围</p><p>(a) 在您注册本应用帐号时，您根据本应用要求提供的个人注册信息；</p><p>(b) 在您使用本应用网络服务，或访问本应用平台网页时，本应用自动接收并记录的您的浏览器和计算机上的信息，包括但不限于您的IP地址、浏览器的类型、使用的语言、访问日期和时间、软硬件特征信息及您需求的网页记录等数据；</p><p>(c) 本应用通过合法途径从商业伙伴处取得的用户个人数据。</p><p>您了解并同意，以下信息不适用本隐私权政策：</p><p>(a) 您在使用本应用平台提供的搜索服务时输入的关键字信息；</p><p>(b) 本应用收集到的您在本应用发布的有关信息数据，包括但不限于参与活动、成交信息及评价详情；</p><p>(c) 违反法律规定或违反本应用规则行为及本应用已对您采取的措施。</p><p>2.信息使用</p><p>(a)本应用不会向任何无关第三方提供、出售、出租、分享或交易您的个人信息，除非事先得到您的许可，或该第三方和本应用（含本应用关联公司）单独或共同为您提供服务，且在该服务结束后，其将被禁止访问包括其以前能够访问的所有这些资料。</p><p>(b) 本应用亦不允许任何第三方以任何手段收集、编辑、出售或者无偿传播您的个人信息。任何本应用平台用户如从事上述活动，一经发现，本应用有权立即终止与该用户的服务协议。</p><p>(c) 为服务用户的目的，本应用可能通过使用您的个人信息，向您提供您感兴趣的信息，包括但不限于向您发出产品和服务信息，或者与本应用合作伙伴共享信息以便他们向您发送有关其产品和服务的信息（后者需要您的事先同意）。</p><p>3.信息披露</p><p>在如下情况下，本应用将依据您的个人意愿或法律的规定全部或部分的披露您的个人信息：</p><p>(a) 经您事先同意，向第三方披露；</p><p>(b)为提供您所要求的产品和服务，而必须和第三方分享您的个人信息；</p><p>(c) 根据法律的有关规定，或者行政或司法机构的要求，向第三方或者行政、司法机构披露；</p><p>(d) 如您出现违反中国有关法律、法规或者本应用服务协议或相关规则的情况，需要向第三方披露；</p><p>(e) 如您是适格的知识产权投诉人并已提起投诉，应被投诉人要求，向被投诉人披露，以便双方处理可能的权利纠纷；</p><p>(f) 在本应用平台上创建的某一交易中，如交易任何一方履行或部分履行了交易义务并提出信息披露请求的，本应用有权决定向该用户提供其交易对方的联络方式等必要信息，以促成交易的完成或纠纷的解决。</p><p>(g) 其它本应用根据法律、法规或者网站政策认为合适的披露。</p><p>4.信息存储和交换</p><p>本应用收集的有关您的信息和资料将保存在本应用及（或）其关联公司的服务器上，这些信息和资料可能传送至您所在国家、地区或本应用收集信息和资料所在地的境外并在境外被访问、存储和展示。</p><p>5.Cookie的使用</p><p>(a) 在您未拒绝接受cookies的情况下，本应用会在您的计算机上设定或取用cookies ，以便您能登录或使用依赖于cookies的本应用平台服务或功能。本应用使用cookies可为您提供更加周到的个性化服务，包括推广服务。</p><p>(b) 您有权选择接受或拒绝接受cookies。您可以通过修改浏览器设置的方式拒绝接受cookies。但如果您选择拒绝接受cookies，则您可能无法登录或使用依赖于cookies的本应用网络服务或功能。</p><p>(c) 通过本应用所设cookies所取得的有关信息，将适用本政策。</p><p>6.信息安全</p><p>(a) 本应用帐号均有安全保护功能，请妥善保管您的用户名及密码信息。本应用将通过对用户密码进行加密等安全措施确保您的信息不丢失，不被滥用和变造。尽管有前述安全措施，但同时也请您注意在信息网络上不存在“完善的安全措施”。</p><p>(b) 在使用本应用网络服务进行网上交易时，您不可避免的要向交易对方或潜在的交易对方披露自己的个人信息，如联络方式或者邮政地址。请您妥善保护自己的个人信息，仅在必要的情形下向他人提供。如您发现自己的个人信息泄密，尤其是本应用用户名及密码发生泄露，请您立即联络本应用客服，以便本应用采取相应措施。</p><p>7.本隐私政策的更改</p><p>(a)如果决定更改隐私政策，我们会在本政策中、本公司网站中以及我们认为适当的位置发布这些更改，以便您了解我们如何收集、使用您的个人信息，哪些人可以访问这些信息，以及在什么情况下我们会透露这些信息。</p><p>(b)本公司保留随时修改本政策的权利，因此请经常查看。如对本政策作出重大更改，本公司会通过网站通知的形式告知。</p>', 'zh_CN', '2021-03-11 17:30:37', '2021-03-11 17:30:37');
INSERT INTO `home_introduction` VALUES (31, 0, 'EIA原油库存报告', '<p><b>&nbsp; 用户隐私政策</b></p><p>1.适用范围</p><p>(a) 在您注册本应用帐号时，您根据本应用要求提供的个人注册信息；</p><p>(b) 在您使用本应用网络服务，或访问本应用平台网页时，本应用自动接收并记录的您的浏览器和计算机上的信息，包括但不限于您的IP地址、浏览器的类型、使用的语言、访问日期和时间、软硬件特征信息及您需求的网页记录等数据；</p><p>(c) 本应用通过合法途径从商业伙伴处取得的用户个人数据。</p><p>您了解并同意，以下信息不适用本隐私权政策：</p><p>(a) 您在使用本应用平台提供的搜索服务时输入的关键字信息；</p><p>(b) 本应用收集到的您在本应用发布的有关信息数据，包括但不限于参与活动、成交信息及评价详情；</p><p>(c) 违反法律规定或违反本应用规则行为及本应用已对您采取的措施。</p><p>2.信息使用</p><p>(a)本应用不会向任何无关第三方提供、出售、出租、分享或交易您的个人信息，除非事先得到您的许可，或该第三方和本应用（含本应用关联公司）单独或共同为您提供服务，且在该服务结束后，其将被禁止访问包括其以前能够访问的所有这些资料。</p><p>(b) 本应用亦不允许任何第三方以任何手段收集、编辑、出售或者无偿传播您的个人信息。任何本应用平台用户如从事上述活动，一经发现，本应用有权立即终止与该用户的服务协议。</p><p>(c) 为服务用户的目的，本应用可能通过使用您的个人信息，向您提供您感兴趣的信息，包括但不限于向您发出产品和服务信息，或者与本应用合作伙伴共享信息以便他们向您发送有关其产品和服务的信息（后者需要您的事先同意）。</p><p>3.信息披露</p><p>在如下情况下，本应用将依据您的个人意愿或法律的规定全部或部分的披露您的个人信息：</p><p>(a) 经您事先同意，向第三方披露；</p><p>(b)为提供您所要求的产品和服务，而必须和第三方分享您的个人信息；</p><p>(c) 根据法律的有关规定，或者行政或司法机构的要求，向第三方或者行政、司法机构披露；</p><p>(d) 如您出现违反中国有关法律、法规或者本应用服务协议或相关规则的情况，需要向第三方披露；</p><p>(e) 如您是适格的知识产权投诉人并已提起投诉，应被投诉人要求，向被投诉人披露，以便双方处理可能的权利纠纷；</p><p>(f) 在本应用平台上创建的某一交易中，如交易任何一方履行或部分履行了交易义务并提出信息披露请求的，本应用有权决定向该用户提供其交易对方的联络方式等必要信息，以促成交易的完成或纠纷的解决。</p><p>(g) 其它本应用根据法律、法规或者网站政策认为合适的披露。</p><p>4.信息存储和交换</p><p>本应用收集的有关您的信息和资料将保存在本应用及（或）其关联公司的服务器上，这些信息和资料可能传送至您所在国家、地区或本应用收集信息和资料所在地的境外并在境外被访问、存储和展示。</p><p>5.Cookie的使用</p><p>(a) 在您未拒绝接受cookies的情况下，本应用会在您的计算机上设定或取用cookies ，以便您能登录或使用依赖于cookies的本应用平台服务或功能。本应用使用cookies可为您提供更加周到的个性化服务，包括推广服务。</p><p>(b) 您有权选择接受或拒绝接受cookies。您可以通过修改浏览器设置的方式拒绝接受cookies。但如果您选择拒绝接受cookies，则您可能无法登录或使用依赖于cookies的本应用网络服务或功能。</p><p>(c) 通过本应用所设cookies所取得的有关信息，将适用本政策。</p><p>6.信息安全</p><p>(a) 本应用帐号均有安全保护功能，请妥善保管您的用户名及密码信息。本应用将通过对用户密码进行加密等安全措施确保您的信息不丢失，不被滥用和变造。尽管有前述安全措施，但同时也请您注意在信息网络上不存在“完善的安全措施”。</p><p>(b) 在使用本应用网络服务进行网上交易时，您不可避免的要向交易对方或潜在的交易对方披露自己的个人信息，如联络方式或者邮政地址。请您妥善保护自己的个人信息，仅在必要的情形下向他人提供。如您发现自己的个人信息泄密，尤其是本应用用户名及密码发生泄露，请您立即联络本应用客服，以便本应用采取相应措施。</p><p>7.本隐私政策的更改</p><p>(a)如果决定更改隐私政策，我们会在本政策中、本公司网站中以及我们认为适当的位置发布这些更改，以便您了解我们如何收集、使用您的个人信息，哪些人可以访问这些信息，以及在什么情况下我们会透露这些信息。</p><p>(b)本公司保留随时修改本政策的权利，因此请经常查看。如对本政策作出重大更改，本公司会通过网站通知的形式告知。</p>', 'zh_CN', '2021-03-11 17:31:10', '2021-03-11 17:31:10');
INSERT INTO `home_introduction` VALUES (32, 0, '用户说明', '<p>按时大大撒大多撒多所</p>', 'zh_CN', '2021-03-22 11:25:05', '2021-03-22 11:25:05');
INSERT INTO `home_introduction` VALUES (33, 1, '保证金交易客户协议', '<p><b>&nbsp; 用户隐私政策</b></p><p>1.适用范围</p><p>(a) 在您注册本应用帐号时，您根据本应用要求提供的个人注册信息；</p><p>(b) 在您使用本应用网络服务，或访问本应用平台网页时，本应用自动接收并记录的您的浏览器和计算机上的信息，包括但不限于您的IP地址、浏览器的类型、使用的语言、访问日期和时间、软硬件特征信息及您需求的网页记录等数据；</p><p>(c) 本应用通过合法途径从商业伙伴处取得的用户个人数据。</p><p>您了解并同意，以下信息不适用本隐私权政策：</p><p>(a) 您在使用本应用平台提供的搜索服务时输入的关键字信息；</p><p>(b) 本应用收集到的您在本应用发布的有关信息数据，包括但不限于参与活动、成交信息及评价详情；</p><p>(c) 违反法律规定或违反本应用规则行为及本应用已对您采取的措施。</p><p>2.信息使用</p><p>(a)本应用不会向任何无关第三方提供、出售、出租、分享或交易您的个人信息，除非事先得到您的许可，或该第三方和本应用（含本应用关联公司）单独或共同为您提供服务，且在该服务结束后，其将被禁止访问包括其以前能够访问的所有这些资料。</p><p>(b) 本应用亦不允许任何第三方以任何手段收集、编辑、出售或者无偿传播您的个人信息。任何本应用平台用户如从事上述活动，一经发现，本应用有权立即终止与该用户的服务协议。</p><p>(c) 为服务用户的目的，本应用可能通过使用您的个人信息，向您提供您感兴趣的信息，包括但不限于向您发出产品和服务信息，或者与本应用合作伙伴共享信息以便他们向您发送有关其产品和服务的信息（后者需要您的事先同意）。</p><p>3.信息披露</p><p>在如下情况下，本应用将依据您的个人意愿或法律的规定全部或部分的披露您的个人信息：</p><p>(a) 经您事先同意，向第三方披露；</p><p>(b)为提供您所要求的产品和服务，而必须和第三方分享您的个人信息；</p><p>(c) 根据法律的有关规定，或者行政或司法机构的要求，向第三方或者行政、司法机构披露；</p><p>(d) 如您出现违反中国有关法律、法规或者本应用服务协议或相关规则的情况，需要向第三方披露；</p><p>(e) 如您是适格的知识产权投诉人并已提起投诉，应被投诉人要求，向被投诉人披露，以便双方处理可能的权利纠纷；</p><p>(f) 在本应用平台上创建的某一交易中，如交易任何一方履行或部分履行了交易义务并提出信息披露请求的，本应用有权决定向该用户提供其交易对方的联络方式等必要信息，以促成交易的完成或纠纷的解决。</p><p>(g) 其它本应用根据法律、法规或者网站政策认为合适的披露。</p><p>4.信息存储和交换</p><p>本应用收集的有关您的信息和资料将保存在本应用及（或）其关联公司的服务器上，这些信息和资料可能传送至您所在国家、地区或本应用收集信息和资料所在地的境外并在境外被访问、存储和展示。</p><p>5.Cookie的使用</p><p>(a) 在您未拒绝接受cookies的情况下，本应用会在您的计算机上设定或取用cookies ，以便您能登录或使用依赖于cookies的本应用平台服务或功能。本应用使用cookies可为您提供更加周到的个性化服务，包括推广服务。</p><p>(b) 您有权选择接受或拒绝接受cookies。您可以通过修改浏览器设置的方式拒绝接受cookies。但如果您选择拒绝接受cookies，则您可能无法登录或使用依赖于cookies的本应用网络服务或功能。</p><p>(c) 通过本应用所设cookies所取得的有关信息，将适用本政策。</p><p>6.信息安全</p><p>(a) 本应用帐号均有安全保护功能，请妥善保管您的用户名及密码信息。本应用将通过对用户密码进行加密等安全措施确保您的信息不丢失，不被滥用和变造。尽管有前述安全措施，但同时也请您注意在信息网络上不存在“完善的安全措施”。</p><p>(b) 在使用本应用网络服务进行网上交易时，您不可避免的要向交易对方或潜在的交易对方披露自己的个人信息，如联络方式或者邮政地址。请您妥善保护自己的个人信息，仅在必要的情形下向他人提供。如您发现自己的个人信息泄密，尤其是本应用用户名及密码发生泄露，请您立即联络本应用客服，以便本应用采取相应措施。</p><p>7.本隐私政策的更改</p><p>(a)如果决定更改隐私政策，我们会在本政策中、本公司网站中以及我们认为适当的位置发布这些更改，以便您了解我们如何收集、使用您的个人信息，哪些人可以访问这些信息，以及在什么情况下我们会透露这些信息。</p><p>(b)本公司保留随时修改本政策的权利，因此请经常查看。如对本政策作出重大更改，本公司会通过网站通知的形式告知。</p>', 'zh_CN', '2021-03-22 11:45:33', '2021-03-22 11:45:33');
INSERT INTO `home_introduction` VALUES (34, 1, '风险提示', '<p><b>&nbsp; 用户隐私政策</b></p><p>1.适用范围</p><p>(a) 在您注册本应用帐号时，您根据本应用要求提供的个人注册信息；</p><p>(b) 在您使用本应用网络服务，或访问本应用平台网页时，本应用自动接收并记录的您的浏览器和计算机上的信息，包括但不限于您的IP地址、浏览器的类型、使用的语言、访问日期和时间、软硬件特征信息及您需求的网页记录等数据；</p><p>(c) 本应用通过合法途径从商业伙伴处取得的用户个人数据。</p><p>您了解并同意，以下信息不适用本隐私权政策：</p><p>(a) 您在使用本应用平台提供的搜索服务时输入的关键字信息；</p><p>(b) 本应用收集到的您在本应用发布的有关信息数据，包括但不限于参与活动、成交信息及评价详情；</p><p>(c) 违反法律规定或违反本应用规则行为及本应用已对您采取的措施。</p><p>2.信息使用</p><p>(a)本应用不会向任何无关第三方提供、出售、出租、分享或交易您的个人信息，除非事先得到您的许可，或该第三方和本应用（含本应用关联公司）单独或共同为您提供服务，且在该服务结束后，其将被禁止访问包括其以前能够访问的所有这些资料。</p><p>(b) 本应用亦不允许任何第三方以任何手段收集、编辑、出售或者无偿传播您的个人信息。任何本应用平台用户如从事上述活动，一经发现，本应用有权立即终止与该用户的服务协议。</p><p>(c) 为服务用户的目的，本应用可能通过使用您的个人信息，向您提供您感兴趣的信息，包括但不限于向您发出产品和服务信息，或者与本应用合作伙伴共享信息以便他们向您发送有关其产品和服务的信息（后者需要您的事先同意）。</p><p>3.信息披露</p><p>在如下情况下，本应用将依据您的个人意愿或法律的规定全部或部分的披露您的个人信息：</p><p>(a) 经您事先同意，向第三方披露；</p><p>(b)为提供您所要求的产品和服务，而必须和第三方分享您的个人信息；</p><p>(c) 根据法律的有关规定，或者行政或司法机构的要求，向第三方或者行政、司法机构披露；</p><p>(d) 如您出现违反中国有关法律、法规或者本应用服务协议或相关规则的情况，需要向第三方披露；</p><p>(e) 如您是适格的知识产权投诉人并已提起投诉，应被投诉人要求，向被投诉人披露，以便双方处理可能的权利纠纷；</p><p>(f) 在本应用平台上创建的某一交易中，如交易任何一方履行或部分履行了交易义务并提出信息披露请求的，本应用有权决定向该用户提供其交易对方的联络方式等必要信息，以促成交易的完成或纠纷的解决。</p><p>(g) 其它本应用根据法律、法规或者网站政策认为合适的披露。</p><p>4.信息存储和交换</p><p>本应用收集的有关您的信息和资料将保存在本应用及（或）其关联公司的服务器上，这些信息和资料可能传送至您所在国家、地区或本应用收集信息和资料所在地的境外并在境外被访问、存储和展示。</p><p>5.Cookie的使用</p><p>(a) 在您未拒绝接受cookies的情况下，本应用会在您的计算机上设定或取用cookies ，以便您能登录或使用依赖于cookies的本应用平台服务或功能。本应用使用cookies可为您提供更加周到的个性化服务，包括推广服务。</p><p>(b) 您有权选择接受或拒绝接受cookies。您可以通过修改浏览器设置的方式拒绝接受cookies。但如果您选择拒绝接受cookies，则您可能无法登录或使用依赖于cookies的本应用网络服务或功能。</p><p>(c) 通过本应用所设cookies所取得的有关信息，将适用本政策。</p><p>6.信息安全</p><p>(a) 本应用帐号均有安全保护功能，请妥善保管您的用户名及密码信息。本应用将通过对用户密码进行加密等安全措施确保您的信息不丢失，不被滥用和变造。尽管有前述安全措施，但同时也请您注意在信息网络上不存在“完善的安全措施”。</p><p>(b) 在使用本应用网络服务进行网上交易时，您不可避免的要向交易对方或潜在的交易对方披露自己的个人信息，如联络方式或者邮政地址。请您妥善保护自己的个人信息，仅在必要的情形下向他人提供。如您发现自己的个人信息泄密，尤其是本应用用户名及密码发生泄露，请您立即联络本应用客服，以便本应用采取相应措施。</p><p>7.本隐私政策的更改</p><p>(a)如果决定更改隐私政策，我们会在本政策中、本公司网站中以及我们认为适当的位置发布这些更改，以便您了解我们如何收集、使用您的个人信息，哪些人可以访问这些信息，以及在什么情况下我们会透露这些信息。</p><p>(b)本公司保留随时修改本政策的权利，因此请经常查看。如对本政策作出重大更改，本公司会通过网站通知的形式告知。</p>', 'zh_CN', '2021-03-22 11:45:57', '2021-03-22 11:45:57');
INSERT INTO `home_introduction` VALUES (35, 1, '隐私政策', '<p><b>&nbsp; 用户隐私政策</b></p><p>1.适用范围</p><p>(a) 在您注册本应用帐号时，您根据本应用要求提供的个人注册信息；</p><p>(b) 在您使用本应用网络服务，或访问本应用平台网页时，本应用自动接收并记录的您的浏览器和计算机上的信息，包括但不限于您的IP地址、浏览器的类型、使用的语言、访问日期和时间、软硬件特征信息及您需求的网页记录等数据；</p><p>(c) 本应用通过合法途径从商业伙伴处取得的用户个人数据。</p><p>您了解并同意，以下信息不适用本隐私权政策：</p><p>(a) 您在使用本应用平台提供的搜索服务时输入的关键字信息；</p><p>(b) 本应用收集到的您在本应用发布的有关信息数据，包括但不限于参与活动、成交信息及评价详情；</p><p>(c) 违反法律规定或违反本应用规则行为及本应用已对您采取的措施。</p><p>2.信息使用</p><p>(a)本应用不会向任何无关第三方提供、出售、出租、分享或交易您的个人信息，除非事先得到您的许可，或该第三方和本应用（含本应用关联公司）单独或共同为您提供服务，且在该服务结束后，其将被禁止访问包括其以前能够访问的所有这些资料。</p><p>(b) 本应用亦不允许任何第三方以任何手段收集、编辑、出售或者无偿传播您的个人信息。任何本应用平台用户如从事上述活动，一经发现，本应用有权立即终止与该用户的服务协议。</p><p>(c) 为服务用户的目的，本应用可能通过使用您的个人信息，向您提供您感兴趣的信息，包括但不限于向您发出产品和服务信息，或者与本应用合作伙伴共享信息以便他们向您发送有关其产品和服务的信息（后者需要您的事先同意）。</p><p>3.信息披露</p><p>在如下情况下，本应用将依据您的个人意愿或法律的规定全部或部分的披露您的个人信息：</p><p>(a) 经您事先同意，向第三方披露；</p><p>(b)为提供您所要求的产品和服务，而必须和第三方分享您的个人信息；</p><p>(c) 根据法律的有关规定，或者行政或司法机构的要求，向第三方或者行政、司法机构披露；</p><p>(d) 如您出现违反中国有关法律、法规或者本应用服务协议或相关规则的情况，需要向第三方披露；</p><p>(e) 如您是适格的知识产权投诉人并已提起投诉，应被投诉人要求，向被投诉人披露，以便双方处理可能的权利纠纷；</p><p>(f) 在本应用平台上创建的某一交易中，如交易任何一方履行或部分履行了交易义务并提出信息披露请求的，本应用有权决定向该用户提供其交易对方的联络方式等必要信息，以促成交易的完成或纠纷的解决。</p><p>(g) 其它本应用根据法律、法规或者网站政策认为合适的披露。</p><p>4.信息存储和交换</p><p>本应用收集的有关您的信息和资料将保存在本应用及（或）其关联公司的服务器上，这些信息和资料可能传送至您所在国家、地区或本应用收集信息和资料所在地的境外并在境外被访问、存储和展示。</p><p>5.Cookie的使用</p><p>(a) 在您未拒绝接受cookies的情况下，本应用会在您的计算机上设定或取用cookies ，以便您能登录或使用依赖于cookies的本应用平台服务或功能。本应用使用cookies可为您提供更加周到的个性化服务，包括推广服务。</p><p>(b) 您有权选择接受或拒绝接受cookies。您可以通过修改浏览器设置的方式拒绝接受cookies。但如果您选择拒绝接受cookies，则您可能无法登录或使用依赖于cookies的本应用网络服务或功能。</p><p>(c) 通过本应用所设cookies所取得的有关信息，将适用本政策。</p><p>6.信息安全</p><p>(a) 本应用帐号均有安全保护功能，请妥善保管您的用户名及密码信息。本应用将通过对用户密码进行加密等安全措施确保您的信息不丢失，不被滥用和变造。尽管有前述安全措施，但同时也请您注意在信息网络上不存在“完善的安全措施”。</p><p>(b) 在使用本应用网络服务进行网上交易时，您不可避免的要向交易对方或潜在的交易对方披露自己的个人信息，如联络方式或者邮政地址。请您妥善保护自己的个人信息，仅在必要的情形下向他人提供。如您发现自己的个人信息泄密，尤其是本应用用户名及密码发生泄露，请您立即联络本应用客服，以便本应用采取相应措施。</p><p>7.本隐私政策的更改</p><p>(a)如果决定更改隐私政策，我们会在本政策中、本公司网站中以及我们认为适当的位置发布这些更改，以便您了解我们如何收集、使用您的个人信息，哪些人可以访问这些信息，以及在什么情况下我们会透露这些信息。</p><p>(b)本公司保留随时修改本政策的权利，因此请经常查看。如对本政策作出重大更改，本公司会通过网站通知的形式告知。</p>', 'zh_CN', '2021-03-22 11:46:22', '2021-03-22 11:46:22');

-- ----------------------------
-- Table structure for home_news
-- ----------------------------
DROP TABLE IF EXISTS `home_news`;
CREATE TABLE `home_news`  (
                              `id` bigint(20) UNSIGNED NOT NULL AUTO_INCREMENT,
                              `language` varchar(20) CHARACTER SET utf8 COLLATE utf8_general_ci NOT NULL COMMENT '语言',
                              `title` varchar(255) CHARACTER SET utf8 COLLATE utf8_general_ci NOT NULL COMMENT '新闻标题',
                              `content` varchar(2000) CHARACTER SET utf8 COLLATE utf8_general_ci NOT NULL COMMENT '新闻内容',
                              `number_of_reading` int(10) UNSIGNED NOT NULL DEFAULT 0 COMMENT '阅读数量',
                              `pic_url` varchar(255) CHARACTER SET utf8 COLLATE utf8_general_ci NOT NULL COMMENT '图片地址',
                              `is_show` tinyint(1) NOT NULL DEFAULT 0 COMMENT '是否显示',
                              `is_top` tinyint(1) NOT NULL DEFAULT 0 COMMENT '是否置顶',
                              `create_time` datetime NULL DEFAULT NULL COMMENT '创建时间',
                              `update_time` datetime NULL DEFAULT NULL COMMENT '更新时间',
                              PRIMARY KEY (`id`) USING BTREE
) ENGINE = InnoDB AUTO_INCREMENT = 21 CHARACTER SET = utf8 COLLATE = utf8_general_ci ROW_FORMAT = DYNAMIC;

-- ----------------------------
-- Records of home_news
-- ----------------------------
INSERT INTO `home_news` VALUES (1, 'zh_CN', '号外号外！', '<p>今年过节不收礼</p>', 9, 'https://ss1.bdstatic.com/70cFvXSh_Q1YnxGkpoWK1HF6hhy/it/u=168673188,54549685&fm=26&gp=0.jpg', 1, 0, '2021-02-01 14:00:45', '2021-02-01 14:00:46');
INSERT INTO `home_news` VALUES (5, 'zh_HK', 'adsadads', '<p>adadada</p>', 0, 'blob:http://192.168.1.87:8090/b6533c47-a2f9-4916-a9e3-85985d9d9c30', 1, 0, '2021-02-04 16:46:48', '2021-02-04 16:46:48');
INSERT INTO `home_news` VALUES (6, 'en_US', 'wwwwweee', '<p>adasda</p>', 3, 'blob:http://192.168.1.87:8090/c5044dd0-2ff5-4244-94aa-acaaed7cc578', 1, 0, '2021-02-04 16:48:36', '2021-02-04 16:48:36');
INSERT INTO `home_news` VALUES (7, 'zh_CN', 'asdadasd', '<p>adrasfasfasd</p>', 5, 'blob:http://192.168.1.87:8090/2ca7e5ee-ba97-4321-be4f-30ba72512099', 1, 0, '2021-02-05 09:55:34', '2021-02-05 09:55:34');

-- ----------------------------
-- Table structure for home_questionnaire
-- ----------------------------
DROP TABLE IF EXISTS `home_questionnaire`;
CREATE TABLE `home_questionnaire`  (
                                       `id` bigint(20) NOT NULL AUTO_INCREMENT,
                                       `subject` varchar(255) CHARACTER SET utf8 COLLATE utf8_general_ci NOT NULL COMMENT '题干',
                                       `options` varchar(1023) CHARACTER SET utf8 COLLATE utf8_general_ci NOT NULL COMMENT '选项，json数组',
                                       `language` varchar(255) CHARACTER SET utf8 COLLATE utf8_general_ci NOT NULL COMMENT '语言',
                                       `sort` int(10) NULL DEFAULT 999 COMMENT '排序',
                                       `create_time` datetime NULL DEFAULT NULL COMMENT '创建时间',
                                       `update_time` datetime NULL DEFAULT NULL COMMENT '更新时间',
                                       `deleted` tinyint(1) NOT NULL DEFAULT 0 COMMENT '逻辑删除',
                                       PRIMARY KEY (`id`) USING BTREE
) ENGINE = InnoDB AUTO_INCREMENT = 7 CHARACTER SET = utf8 COLLATE = utf8_general_ci ROW_FORMAT = DYNAMIC;

-- ----------------------------
-- Records of home_questionnaire
-- ----------------------------
INSERT INTO `home_questionnaire` VALUES (1, '您每月零花钱多少钱', '0|1~1000|1001~100000|100000以上', 'zh_CN', 999, '2021-03-10 14:38:03', '2021-03-10 14:38:03', 0);
INSERT INTO `home_questionnaire` VALUES (2, '您每月零花钱剩多少钱', '0|大于10000', 'vi_VN', 999, '2021-03-10 14:54:25', '2021-03-10 14:54:25', 0);
INSERT INTO `home_questionnaire` VALUES (3, '您愿意把零花钱投入到我们项目中吗', '愿意|很愿意|非常愿意', 'th_TH', 999, '2021-03-10 15:17:05', '2021-03-10 15:17:05', 0);
INSERT INTO `home_questionnaire` VALUES (4, '回答我们的风险测评宁开心吗', '开心|非常开心要不是看着给钱我才不答|不开心', 'zh_CN', 999, '2021-03-10 15:45:18', '2021-03-10 15:45:18', 0);
INSERT INTO `home_questionnaire` VALUES (5, '您通过什么渠道了解到我们的产品的', '广告|项目是我做的，你说呢|没听过', 'zh_CN', 999, '2021-03-10 15:45:36', '2021-03-10 15:45:36', 0);
INSERT INTO `home_questionnaire` VALUES (6, '您觉得您会有多大意愿投资我们', '1毛钱那么大|1块钱那么大', 'zh_CN', 999, '2021-03-10 15:46:08', '2021-03-10 15:46:08', 0);

-- ----------------------------
-- Table structure for home_questionnaire_result
-- ----------------------------
DROP TABLE IF EXISTS `home_questionnaire_result`;
CREATE TABLE `home_questionnaire_result`  (
                                              `id` bigint(20) NOT NULL AUTO_INCREMENT,
                                              `member_id` bigint(20) NOT NULL COMMENT '会员id',
                                              `questionnaire_id` bigint(20) NOT NULL COMMENT '风险测评id',
                                              `answer_index` int(5) NULL DEFAULT NULL COMMENT '选项，0、1、2',
                                              `create_time` datetime NULL DEFAULT NULL COMMENT '创建时间',
                                              `update_time` datetime NULL DEFAULT NULL COMMENT '更新时间',
                                              PRIMARY KEY (`id`) USING BTREE,
                                              INDEX `member_id`(`member_id`) USING BTREE,
                                              INDEX `questionnaire_id`(`questionnaire_id`) USING BTREE
) ENGINE = InnoDB AUTO_INCREMENT = 183 CHARACTER SET = utf8 COLLATE = utf8_general_ci ROW_FORMAT = DYNAMIC;

-- ----------------------------
-- Records of home_questionnaire_result
-- ----------------------------
INSERT INTO `home_questionnaire_result` VALUES (1, 61, 1, 3, '2021-03-10 17:12:42', '2021-03-10 17:12:42');
INSERT INTO `home_questionnaire_result` VALUES (2, 61, 2, 1, '2021-03-10 17:12:42', '2021-03-10 17:12:42');
INSERT INTO `home_questionnaire_result` VALUES (3, 61, 3, 0, '2021-03-10 17:12:42', '2021-03-10 17:12:42');
INSERT INTO `home_questionnaire_result` VALUES (4, 61, 4, 2, '2021-03-10 17:12:42', '2021-03-10 17:12:42');
INSERT INTO `home_questionnaire_result` VALUES (5, 61, 5, 1, '2021-03-10 17:12:42', '2021-03-10 17:12:42');
INSERT INTO `home_questionnaire_result` VALUES (6, 61, 6, 0, '2021-03-10 17:12:43', '2021-03-10 17:12:43');
INSERT INTO `home_questionnaire_result` VALUES (13, 27, 3, 1, '2021-03-11 10:41:30', '2021-03-11 10:41:30');
INSERT INTO `home_questionnaire_result` VALUES (14, 27, 1, 2, '2021-03-11 10:41:31', '2021-03-11 10:41:31');
INSERT INTO `home_questionnaire_result` VALUES (15, 27, 1, 3, '2021-03-11 10:41:31', '2021-03-11 10:41:31');
INSERT INTO `home_questionnaire_result` VALUES (16, 27, 1, 4, '2021-03-11 10:41:31', '2021-03-11 10:41:31');
INSERT INTO `home_questionnaire_result` VALUES (17, 27, 1, 5, '2021-03-11 10:41:31', '2021-03-11 10:41:31');
INSERT INTO `home_questionnaire_result` VALUES (18, 27, 1, 6, '2021-03-11 10:41:31', '2021-03-11 10:41:31');
INSERT INTO `home_questionnaire_result` VALUES (19, 27, 3, 1, '2021-03-11 10:41:39', '2021-03-11 10:41:39');
INSERT INTO `home_questionnaire_result` VALUES (20, 27, 1, 2, '2021-03-11 10:41:39', '2021-03-11 10:41:39');
INSERT INTO `home_questionnaire_result` VALUES (21, 27, 1, 3, '2021-03-11 10:41:39', '2021-03-11 10:41:39');
INSERT INTO `home_questionnaire_result` VALUES (22, 27, 1, 4, '2021-03-11 10:41:39', '2021-03-11 10:41:39');
INSERT INTO `home_questionnaire_result` VALUES (23, 27, 1, 5, '2021-03-11 10:41:39', '2021-03-11 10:41:39');
INSERT INTO `home_questionnaire_result` VALUES (24, 27, 1, 6, '2021-03-11 10:41:39', '2021-03-11 10:41:39');
INSERT INTO `home_questionnaire_result` VALUES (25, 27, 2, 1, '2021-03-11 12:01:37', '2021-03-11 12:01:37');
INSERT INTO `home_questionnaire_result` VALUES (26, 27, 0, 2, '2021-03-11 12:01:37', '2021-03-11 12:01:37');
INSERT INTO `home_questionnaire_result` VALUES (27, 27, 2, 3, '2021-03-11 12:01:38', '2021-03-11 12:01:38');
INSERT INTO `home_questionnaire_result` VALUES (28, 27, 1, 4, '2021-03-11 12:01:38', '2021-03-11 12:01:38');
INSERT INTO `home_questionnaire_result` VALUES (29, 27, 2, 5, '2021-03-11 12:01:38', '2021-03-11 12:01:38');
INSERT INTO `home_questionnaire_result` VALUES (30, 27, 1, 6, '2021-03-11 12:01:38', '2021-03-11 12:01:38');
INSERT INTO `home_questionnaire_result` VALUES (31, 27, 2, 1, '2021-03-11 12:02:08', '2021-03-11 12:02:08');
INSERT INTO `home_questionnaire_result` VALUES (32, 27, 1, 2, '2021-03-11 12:02:08', '2021-03-11 12:02:08');
INSERT INTO `home_questionnaire_result` VALUES (33, 27, 1, 3, '2021-03-11 12:02:08', '2021-03-11 12:02:08');
INSERT INTO `home_questionnaire_result` VALUES (34, 27, 0, 4, '2021-03-11 12:02:08', '2021-03-11 12:02:08');
INSERT INTO `home_questionnaire_result` VALUES (35, 27, 2, 5, '2021-03-11 12:02:08', '2021-03-11 12:02:08');
INSERT INTO `home_questionnaire_result` VALUES (36, 27, 0, 6, '2021-03-11 12:02:08', '2021-03-11 12:02:08');
INSERT INTO `home_questionnaire_result` VALUES (37, 27, 0, 1, '2021-03-11 12:02:28', '2021-03-11 12:02:28');
INSERT INTO `home_questionnaire_result` VALUES (38, 27, 1, 2, '2021-03-11 12:02:28', '2021-03-11 12:02:28');
INSERT INTO `home_questionnaire_result` VALUES (39, 27, 0, 3, '2021-03-11 12:02:28', '2021-03-11 12:02:28');
INSERT INTO `home_questionnaire_result` VALUES (40, 27, 1, 4, '2021-03-11 12:02:29', '2021-03-11 12:02:29');
INSERT INTO `home_questionnaire_result` VALUES (41, 27, 1, 5, '2021-03-11 12:02:29', '2021-03-11 12:02:29');
INSERT INTO `home_questionnaire_result` VALUES (42, 27, 1, 6, '2021-03-11 12:02:29', '2021-03-11 12:02:29');
INSERT INTO `home_questionnaire_result` VALUES (43, 27, 2, 1, '2021-03-11 12:02:55', '2021-03-11 12:02:55');
INSERT INTO `home_questionnaire_result` VALUES (44, 27, 1, 2, '2021-03-11 12:02:56', '2021-03-11 12:02:56');
INSERT INTO `home_questionnaire_result` VALUES (45, 27, 1, 3, '2021-03-11 12:02:56', '2021-03-11 12:02:56');
INSERT INTO `home_questionnaire_result` VALUES (46, 27, 1, 4, '2021-03-11 12:02:56', '2021-03-11 12:02:56');
INSERT INTO `home_questionnaire_result` VALUES (47, 27, 0, 5, '2021-03-11 12:02:56', '2021-03-11 12:02:56');
INSERT INTO `home_questionnaire_result` VALUES (48, 27, 0, 6, '2021-03-11 12:02:56', '2021-03-11 12:02:56');
INSERT INTO `home_questionnaire_result` VALUES (49, 27, 1, 1, '2021-03-11 16:07:44', '2021-03-11 16:07:44');
INSERT INTO `home_questionnaire_result` VALUES (50, 27, 1, 2, '2021-03-11 16:07:45', '2021-03-11 16:07:45');
INSERT INTO `home_questionnaire_result` VALUES (51, 27, 0, 3, '2021-03-11 16:07:45', '2021-03-11 16:07:45');
INSERT INTO `home_questionnaire_result` VALUES (52, 27, 1, 4, '2021-03-11 16:07:45', '2021-03-11 16:07:45');
INSERT INTO `home_questionnaire_result` VALUES (53, 27, 1, 5, '2021-03-11 16:07:45', '2021-03-11 16:07:45');
INSERT INTO `home_questionnaire_result` VALUES (54, 27, 1, 6, '2021-03-11 16:07:45', '2021-03-11 16:07:45');
INSERT INTO `home_questionnaire_result` VALUES (55, 27, 2, 1, '2021-03-11 16:08:43', '2021-03-11 16:08:43');
INSERT INTO `home_questionnaire_result` VALUES (56, 27, 1, 2, '2021-03-11 16:08:43', '2021-03-11 16:08:43');
INSERT INTO `home_questionnaire_result` VALUES (57, 27, 1, 3, '2021-03-11 16:08:43', '2021-03-11 16:08:43');
INSERT INTO `home_questionnaire_result` VALUES (58, 27, 0, 4, '2021-03-11 16:08:43', '2021-03-11 16:08:43');
INSERT INTO `home_questionnaire_result` VALUES (59, 27, 2, 5, '2021-03-11 16:08:43', '2021-03-11 16:08:43');
INSERT INTO `home_questionnaire_result` VALUES (60, 27, 0, 6, '2021-03-11 16:08:44', '2021-03-11 16:08:44');
INSERT INTO `home_questionnaire_result` VALUES (61, 27, 2, 1, '2021-03-11 16:09:10', '2021-03-11 16:09:10');
INSERT INTO `home_questionnaire_result` VALUES (62, 27, 0, 2, '2021-03-11 16:09:10', '2021-03-11 16:09:10');
INSERT INTO `home_questionnaire_result` VALUES (63, 27, 2, 3, '2021-03-11 16:09:10', '2021-03-11 16:09:10');
INSERT INTO `home_questionnaire_result` VALUES (64, 27, 1, 4, '2021-03-11 16:09:10', '2021-03-11 16:09:10');
INSERT INTO `home_questionnaire_result` VALUES (65, 27, 1, 5, '2021-03-11 16:09:10', '2021-03-11 16:09:10');
INSERT INTO `home_questionnaire_result` VALUES (66, 27, 0, 6, '2021-03-11 16:09:10', '2021-03-11 16:09:10');
INSERT INTO `home_questionnaire_result` VALUES (67, 27, 2, 1, '2021-03-11 16:11:19', '2021-03-11 16:11:19');
INSERT INTO `home_questionnaire_result` VALUES (68, 27, 1, 2, '2021-03-11 16:11:19', '2021-03-11 16:11:19');
INSERT INTO `home_questionnaire_result` VALUES (69, 27, 0, 3, '2021-03-11 16:11:20', '2021-03-11 16:11:20');
INSERT INTO `home_questionnaire_result` VALUES (70, 27, 0, 4, '2021-03-11 16:11:20', '2021-03-11 16:11:20');
INSERT INTO `home_questionnaire_result` VALUES (71, 27, 0, 5, '2021-03-11 16:11:20', '2021-03-11 16:11:20');
INSERT INTO `home_questionnaire_result` VALUES (72, 27, 0, 6, '2021-03-11 16:11:20', '2021-03-11 16:11:20');
INSERT INTO `home_questionnaire_result` VALUES (73, 60, 2, 1, '2021-03-11 17:35:27', '2021-03-11 17:35:27');
INSERT INTO `home_questionnaire_result` VALUES (74, 60, 1, 2, '2021-03-11 17:35:27', '2021-03-11 17:35:27');
INSERT INTO `home_questionnaire_result` VALUES (75, 60, 0, 3, '2021-03-11 17:35:27', '2021-03-11 17:35:27');
INSERT INTO `home_questionnaire_result` VALUES (76, 60, 0, 4, '2021-03-11 17:35:27', '2021-03-11 17:35:27');
INSERT INTO `home_questionnaire_result` VALUES (77, 60, 0, 5, '2021-03-11 17:35:27', '2021-03-11 17:35:27');
INSERT INTO `home_questionnaire_result` VALUES (78, 60, 1, 6, '2021-03-11 17:35:27', '2021-03-11 17:35:27');
INSERT INTO `home_questionnaire_result` VALUES (79, 7, 3, 1, '2021-03-13 09:57:28', '2021-03-13 09:57:28');
INSERT INTO `home_questionnaire_result` VALUES (80, 7, 0, 2, '2021-03-13 09:57:28', '2021-03-13 09:57:28');
INSERT INTO `home_questionnaire_result` VALUES (81, 7, 2, 3, '2021-03-13 09:57:28', '2021-03-13 09:57:28');
INSERT INTO `home_questionnaire_result` VALUES (82, 7, 1, 4, '2021-03-13 09:57:28', '2021-03-13 09:57:28');
INSERT INTO `home_questionnaire_result` VALUES (83, 7, 1, 5, '2021-03-13 09:57:28', '2021-03-13 09:57:28');
INSERT INTO `home_questionnaire_result` VALUES (84, 7, 1, 6, '2021-03-13 09:57:28', '2021-03-13 09:57:28');
INSERT INTO `home_questionnaire_result` VALUES (85, 6, 0, 1, '2021-03-13 12:00:05', '2021-03-13 12:00:05');
INSERT INTO `home_questionnaire_result` VALUES (86, 6, 1, 2, '2021-03-13 12:00:05', '2021-03-13 12:00:05');
INSERT INTO `home_questionnaire_result` VALUES (87, 6, 0, 3, '2021-03-13 12:00:05', '2021-03-13 12:00:05');
INSERT INTO `home_questionnaire_result` VALUES (88, 6, 0, 4, '2021-03-13 12:00:05', '2021-03-13 12:00:05');
INSERT INTO `home_questionnaire_result` VALUES (89, 6, 1, 5, '2021-03-13 12:00:05', '2021-03-13 12:00:05');
INSERT INTO `home_questionnaire_result` VALUES (90, 6, 1, 6, '2021-03-13 12:00:06', '2021-03-13 12:00:06');
INSERT INTO `home_questionnaire_result` VALUES (91, 9, 0, 1, '2021-03-13 15:16:32', '2021-03-13 15:16:32');
INSERT INTO `home_questionnaire_result` VALUES (92, 9, 1, 2, '2021-03-13 15:16:32', '2021-03-13 15:16:32');
INSERT INTO `home_questionnaire_result` VALUES (93, 9, 0, 3, '2021-03-13 15:16:32', '2021-03-13 15:16:32');
INSERT INTO `home_questionnaire_result` VALUES (94, 9, 0, 4, '2021-03-13 15:16:32', '2021-03-13 15:16:32');
INSERT INTO `home_questionnaire_result` VALUES (95, 9, 1, 5, '2021-03-13 15:16:32', '2021-03-13 15:16:32');
INSERT INTO `home_questionnaire_result` VALUES (96, 9, 0, 6, '2021-03-13 15:16:33', '2021-03-13 15:16:33');
INSERT INTO `home_questionnaire_result` VALUES (97, 60, 0, 1, '2021-03-13 15:27:17', '2021-03-13 15:27:17');
INSERT INTO `home_questionnaire_result` VALUES (98, 60, 1, 2, '2021-03-13 15:27:17', '2021-03-13 15:27:17');
INSERT INTO `home_questionnaire_result` VALUES (99, 60, 0, 3, '2021-03-13 15:27:17', '2021-03-13 15:27:17');
INSERT INTO `home_questionnaire_result` VALUES (100, 60, 1, 4, '2021-03-13 15:27:17', '2021-03-13 15:27:17');
INSERT INTO `home_questionnaire_result` VALUES (101, 60, 0, 5, '2021-03-13 15:27:17', '2021-03-13 15:27:17');
INSERT INTO `home_questionnaire_result` VALUES (102, 60, 0, 6, '2021-03-13 15:27:17', '2021-03-13 15:27:17');
INSERT INTO `home_questionnaire_result` VALUES (103, 6, 0, 1, '2021-03-13 15:29:19', '2021-03-13 15:29:19');
INSERT INTO `home_questionnaire_result` VALUES (104, 6, 1, 2, '2021-03-13 15:29:19', '2021-03-13 15:29:19');
INSERT INTO `home_questionnaire_result` VALUES (105, 6, 1, 3, '2021-03-13 15:29:19', '2021-03-13 15:29:19');
INSERT INTO `home_questionnaire_result` VALUES (106, 6, 1, 4, '2021-03-13 15:29:19', '2021-03-13 15:29:19');
INSERT INTO `home_questionnaire_result` VALUES (107, 6, 1, 5, '2021-03-13 15:29:20', '2021-03-13 15:29:20');
INSERT INTO `home_questionnaire_result` VALUES (108, 6, 1, 6, '2021-03-13 15:29:20', '2021-03-13 15:29:20');
INSERT INTO `home_questionnaire_result` VALUES (109, 59, 0, 1, '2021-03-13 15:36:07', '2021-03-13 15:36:07');
INSERT INTO `home_questionnaire_result` VALUES (110, 59, 1, 2, '2021-03-13 15:36:07', '2021-03-13 15:36:07');
INSERT INTO `home_questionnaire_result` VALUES (111, 59, 0, 3, '2021-03-13 15:36:07', '2021-03-13 15:36:07');
INSERT INTO `home_questionnaire_result` VALUES (112, 59, 1, 4, '2021-03-13 15:36:07', '2021-03-13 15:36:07');
INSERT INTO `home_questionnaire_result` VALUES (113, 59, 1, 5, '2021-03-13 15:36:07', '2021-03-13 15:36:07');
INSERT INTO `home_questionnaire_result` VALUES (114, 59, 0, 6, '2021-03-13 15:36:07', '2021-03-13 15:36:07');
INSERT INTO `home_questionnaire_result` VALUES (115, 9, 2, 1, '2021-03-15 11:23:49', '2021-03-15 11:23:49');
INSERT INTO `home_questionnaire_result` VALUES (116, 9, 1, 2, '2021-03-15 11:23:49', '2021-03-15 11:23:49');
INSERT INTO `home_questionnaire_result` VALUES (117, 9, 1, 3, '2021-03-15 11:23:49', '2021-03-15 11:23:49');
INSERT INTO `home_questionnaire_result` VALUES (118, 9, 2, 4, '2021-03-15 11:23:49', '2021-03-15 11:23:49');
INSERT INTO `home_questionnaire_result` VALUES (119, 9, 0, 5, '2021-03-15 11:23:49', '2021-03-15 11:23:49');
INSERT INTO `home_questionnaire_result` VALUES (120, 9, 0, 6, '2021-03-15 11:23:49', '2021-03-15 11:23:49');
INSERT INTO `home_questionnaire_result` VALUES (121, 51, 1, 1, '2021-03-15 13:50:01', '2021-03-15 13:50:01');
INSERT INTO `home_questionnaire_result` VALUES (122, 51, 1, 2, '2021-03-15 13:50:01', '2021-03-15 13:50:01');
INSERT INTO `home_questionnaire_result` VALUES (123, 51, 0, 3, '2021-03-15 13:50:01', '2021-03-15 13:50:01');
INSERT INTO `home_questionnaire_result` VALUES (124, 51, 0, 4, '2021-03-15 13:50:01', '2021-03-15 13:50:01');
INSERT INTO `home_questionnaire_result` VALUES (125, 51, 0, 5, '2021-03-15 13:50:01', '2021-03-15 13:50:01');
INSERT INTO `home_questionnaire_result` VALUES (126, 51, 0, 6, '2021-03-15 13:50:01', '2021-03-15 13:50:01');
INSERT INTO `home_questionnaire_result` VALUES (127, 61, 2, 1, '2021-03-15 15:05:49', '2021-03-15 15:05:49');
INSERT INTO `home_questionnaire_result` VALUES (128, 61, 1, 2, '2021-03-15 15:05:49', '2021-03-15 15:05:49');
INSERT INTO `home_questionnaire_result` VALUES (129, 61, 1, 3, '2021-03-15 15:05:49', '2021-03-15 15:05:49');
INSERT INTO `home_questionnaire_result` VALUES (130, 61, 0, 4, '2021-03-15 15:05:49', '2021-03-15 15:05:49');
INSERT INTO `home_questionnaire_result` VALUES (131, 61, 0, 5, '2021-03-15 15:05:50', '2021-03-15 15:05:50');
INSERT INTO `home_questionnaire_result` VALUES (132, 61, 0, 6, '2021-03-15 15:05:50', '2021-03-15 15:05:50');
INSERT INTO `home_questionnaire_result` VALUES (133, 62, 1, 1, '2021-03-15 19:24:25', '2021-03-15 19:24:25');
INSERT INTO `home_questionnaire_result` VALUES (134, 62, 1, 2, '2021-03-15 19:24:25', '2021-03-15 19:24:25');
INSERT INTO `home_questionnaire_result` VALUES (135, 62, 1, 3, '2021-03-15 19:24:25', '2021-03-15 19:24:25');
INSERT INTO `home_questionnaire_result` VALUES (136, 62, 1, 4, '2021-03-15 19:24:25', '2021-03-15 19:24:25');
INSERT INTO `home_questionnaire_result` VALUES (137, 62, 1, 5, '2021-03-15 19:24:25', '2021-03-15 19:24:25');
INSERT INTO `home_questionnaire_result` VALUES (138, 62, 1, 6, '2021-03-15 19:24:25', '2021-03-15 19:24:25');
INSERT INTO `home_questionnaire_result` VALUES (139, 7, 0, 1, '2021-03-15 19:53:02', '2021-03-15 19:53:02');
INSERT INTO `home_questionnaire_result` VALUES (140, 7, 0, 2, '2021-03-15 19:53:02', '2021-03-15 19:53:02');
INSERT INTO `home_questionnaire_result` VALUES (141, 7, 2, 3, '2021-03-15 19:53:02', '2021-03-15 19:53:02');
INSERT INTO `home_questionnaire_result` VALUES (142, 7, 0, 4, '2021-03-15 19:53:02', '2021-03-15 19:53:02');
INSERT INTO `home_questionnaire_result` VALUES (143, 7, 0, 5, '2021-03-15 19:53:02', '2021-03-15 19:53:02');
INSERT INTO `home_questionnaire_result` VALUES (144, 7, 0, 6, '2021-03-15 19:53:02', '2021-03-15 19:53:02');
INSERT INTO `home_questionnaire_result` VALUES (145, 64, 0, 1, '2021-03-16 09:48:39', '2021-03-16 09:48:39');
INSERT INTO `home_questionnaire_result` VALUES (146, 64, 0, 2, '2021-03-16 09:48:39', '2021-03-16 09:48:39');
INSERT INTO `home_questionnaire_result` VALUES (147, 64, 0, 3, '2021-03-16 09:48:39', '2021-03-16 09:48:39');
INSERT INTO `home_questionnaire_result` VALUES (148, 64, 0, 4, '2021-03-16 09:48:39', '2021-03-16 09:48:39');
INSERT INTO `home_questionnaire_result` VALUES (149, 64, 0, 5, '2021-03-16 09:48:39', '2021-03-16 09:48:39');
INSERT INTO `home_questionnaire_result` VALUES (150, 64, 0, 6, '2021-03-16 09:48:39', '2021-03-16 09:48:39');
INSERT INTO `home_questionnaire_result` VALUES (151, 64, 0, 1, '2021-03-16 09:50:18', '2021-03-16 09:50:18');
INSERT INTO `home_questionnaire_result` VALUES (152, 64, 0, 2, '2021-03-16 09:50:18', '2021-03-16 09:50:18');
INSERT INTO `home_questionnaire_result` VALUES (153, 64, 0, 3, '2021-03-16 09:50:18', '2021-03-16 09:50:18');
INSERT INTO `home_questionnaire_result` VALUES (154, 64, 0, 4, '2021-03-16 09:50:18', '2021-03-16 09:50:18');
INSERT INTO `home_questionnaire_result` VALUES (155, 64, 0, 5, '2021-03-16 09:50:19', '2021-03-16 09:50:19');
INSERT INTO `home_questionnaire_result` VALUES (156, 64, 0, 6, '2021-03-16 09:50:19', '2021-03-16 09:50:19');
INSERT INTO `home_questionnaire_result` VALUES (157, 65, 0, 1, '2021-03-16 15:52:19', '2021-03-16 15:52:19');
INSERT INTO `home_questionnaire_result` VALUES (158, 65, 1, 2, '2021-03-16 15:52:19', '2021-03-16 15:52:19');
INSERT INTO `home_questionnaire_result` VALUES (159, 65, 0, 3, '2021-03-16 15:52:19', '2021-03-16 15:52:19');
INSERT INTO `home_questionnaire_result` VALUES (160, 65, 0, 4, '2021-03-16 15:52:19', '2021-03-16 15:52:19');
INSERT INTO `home_questionnaire_result` VALUES (161, 65, 0, 5, '2021-03-16 15:52:19', '2021-03-16 15:52:19');
INSERT INTO `home_questionnaire_result` VALUES (162, 65, 0, 6, '2021-03-16 15:52:19', '2021-03-16 15:52:19');
INSERT INTO `home_questionnaire_result` VALUES (163, 66, 0, 1, '2021-03-16 18:16:11', '2021-03-16 18:16:11');
INSERT INTO `home_questionnaire_result` VALUES (164, 66, 0, 2, '2021-03-16 18:16:11', '2021-03-16 18:16:11');
INSERT INTO `home_questionnaire_result` VALUES (165, 66, 0, 3, '2021-03-16 18:16:11', '2021-03-16 18:16:11');
INSERT INTO `home_questionnaire_result` VALUES (166, 66, 0, 4, '2021-03-16 18:16:11', '2021-03-16 18:16:11');
INSERT INTO `home_questionnaire_result` VALUES (167, 66, 0, 5, '2021-03-16 18:16:11', '2021-03-16 18:16:11');
INSERT INTO `home_questionnaire_result` VALUES (168, 66, 0, 6, '2021-03-16 18:16:11', '2021-03-16 18:16:11');
INSERT INTO `home_questionnaire_result` VALUES (169, 27, 2, 1, '2021-03-19 17:00:19', '2021-03-19 17:00:19');
INSERT INTO `home_questionnaire_result` VALUES (170, 27, 0, 2, '2021-03-19 17:00:19', '2021-03-19 17:00:19');
INSERT INTO `home_questionnaire_result` VALUES (171, 27, 1, 3, '2021-03-19 17:00:19', '2021-03-19 17:00:19');
INSERT INTO `home_questionnaire_result` VALUES (172, 27, 1, 4, '2021-03-19 17:00:19', '2021-03-19 17:00:19');
INSERT INTO `home_questionnaire_result` VALUES (173, 27, 1, 5, '2021-03-19 17:00:19', '2021-03-19 17:00:19');
INSERT INTO `home_questionnaire_result` VALUES (174, 27, 1, 6, '2021-03-19 17:00:19', '2021-03-19 17:00:19');
INSERT INTO `home_questionnaire_result` VALUES (175, 71, 1, 0, '2021-03-19 17:56:43', '2021-03-19 17:56:43');
INSERT INTO `home_questionnaire_result` VALUES (176, 71, 2, 0, '2021-03-19 17:56:43', '2021-03-19 17:56:43');
INSERT INTO `home_questionnaire_result` VALUES (177, 71, 2, 1, '2021-03-19 18:02:38', '2021-03-19 18:02:38');
INSERT INTO `home_questionnaire_result` VALUES (178, 71, 1, 2, '2021-03-19 18:02:38', '2021-03-19 18:02:38');
INSERT INTO `home_questionnaire_result` VALUES (179, 71, 1, 3, '2021-03-19 18:02:38', '2021-03-19 18:02:38');
INSERT INTO `home_questionnaire_result` VALUES (180, 71, 0, 4, '2021-03-19 18:02:38', '2021-03-19 18:02:38');
INSERT INTO `home_questionnaire_result` VALUES (181, 71, 0, 5, '2021-03-19 18:02:38', '2021-03-19 18:02:38');
INSERT INTO `home_questionnaire_result` VALUES (182, 71, 0, 6, '2021-03-19 18:02:38', '2021-03-19 18:02:38');

-- ----------------------------
-- Table structure for number
-- ----------------------------
DROP TABLE IF EXISTS `number`;
CREATE TABLE `number`  (
                           `number` int(5) NOT NULL,
                           PRIMARY KEY (`number`) USING BTREE
) ENGINE = InnoDB CHARACTER SET = utf8 COLLATE = utf8_general_ci ROW_FORMAT = DYNAMIC;

-- ----------------------------
-- Records of number
-- ----------------------------
INSERT INTO `number` VALUES (0);
INSERT INTO `number` VALUES (1);
INSERT INTO `number` VALUES (2);
INSERT INTO `number` VALUES (3);
INSERT INTO `number` VALUES (4);
INSERT INTO `number` VALUES (5);
INSERT INTO `number` VALUES (6);
INSERT INTO `number` VALUES (7);
INSERT INTO `number` VALUES (8);
INSERT INTO `number` VALUES (9);
INSERT INTO `number` VALUES (10);
INSERT INTO `number` VALUES (11);
INSERT INTO `number` VALUES (12);
INSERT INTO `number` VALUES (13);
INSERT INTO `number` VALUES (14);
INSERT INTO `number` VALUES (15);
INSERT INTO `number` VALUES (16);
INSERT INTO `number` VALUES (17);
INSERT INTO `number` VALUES (18);
INSERT INTO `number` VALUES (19);
INSERT INTO `number` VALUES (20);
INSERT INTO `number` VALUES (21);
INSERT INTO `number` VALUES (22);
INSERT INTO `number` VALUES (23);
INSERT INTO `number` VALUES (24);
INSERT INTO `number` VALUES (25);
INSERT INTO `number` VALUES (26);
INSERT INTO `number` VALUES (27);
INSERT INTO `number` VALUES (28);
INSERT INTO `number` VALUES (29);
INSERT INTO `number` VALUES (30);
INSERT INTO `number` VALUES (31);
INSERT INTO `number` VALUES (32);
INSERT INTO `number` VALUES (33);
INSERT INTO `number` VALUES (34);
INSERT INTO `number` VALUES (35);
INSERT INTO `number` VALUES (36);
INSERT INTO `number` VALUES (37);
INSERT INTO `number` VALUES (38);
INSERT INTO `number` VALUES (39);
INSERT INTO `number` VALUES (40);
INSERT INTO `number` VALUES (41);
INSERT INTO `number` VALUES (42);
INSERT INTO `number` VALUES (43);
INSERT INTO `number` VALUES (44);
INSERT INTO `number` VALUES (45);
INSERT INTO `number` VALUES (46);
INSERT INTO `number` VALUES (47);
INSERT INTO `number` VALUES (48);
INSERT INTO `number` VALUES (49);
INSERT INTO `number` VALUES (50);
INSERT INTO `number` VALUES (51);
INSERT INTO `number` VALUES (52);
INSERT INTO `number` VALUES (53);
INSERT INTO `number` VALUES (54);
INSERT INTO `number` VALUES (55);
INSERT INTO `number` VALUES (56);
INSERT INTO `number` VALUES (57);
INSERT INTO `number` VALUES (58);
INSERT INTO `number` VALUES (59);
INSERT INTO `number` VALUES (60);
INSERT INTO `number` VALUES (61);
INSERT INTO `number` VALUES (62);
INSERT INTO `number` VALUES (63);
INSERT INTO `number` VALUES (64);
INSERT INTO `number` VALUES (65);
INSERT INTO `number` VALUES (66);
INSERT INTO `number` VALUES (67);
INSERT INTO `number` VALUES (68);
INSERT INTO `number` VALUES (69);
INSERT INTO `number` VALUES (70);
INSERT INTO `number` VALUES (71);
INSERT INTO `number` VALUES (72);
INSERT INTO `number` VALUES (73);
INSERT INTO `number` VALUES (74);
INSERT INTO `number` VALUES (75);
INSERT INTO `number` VALUES (76);
INSERT INTO `number` VALUES (77);
INSERT INTO `number` VALUES (78);
INSERT INTO `number` VALUES (79);
INSERT INTO `number` VALUES (80);
INSERT INTO `number` VALUES (81);
INSERT INTO `number` VALUES (82);
INSERT INTO `number` VALUES (83);
INSERT INTO `number` VALUES (84);
INSERT INTO `number` VALUES (85);
INSERT INTO `number` VALUES (86);
INSERT INTO `number` VALUES (87);
INSERT INTO `number` VALUES (88);
INSERT INTO `number` VALUES (89);
INSERT INTO `number` VALUES (90);
INSERT INTO `number` VALUES (91);
INSERT INTO `number` VALUES (92);
INSERT INTO `number` VALUES (93);
INSERT INTO `number` VALUES (94);
INSERT INTO `number` VALUES (95);
INSERT INTO `number` VALUES (96);
INSERT INTO `number` VALUES (97);
INSERT INTO `number` VALUES (98);
INSERT INTO `number` VALUES (99);
INSERT INTO `number` VALUES (100);
INSERT INTO `number` VALUES (101);
INSERT INTO `number` VALUES (102);
INSERT INTO `number` VALUES (103);
INSERT INTO `number` VALUES (104);
INSERT INTO `number` VALUES (105);
INSERT INTO `number` VALUES (106);
INSERT INTO `number` VALUES (107);
INSERT INTO `number` VALUES (108);
INSERT INTO `number` VALUES (109);
INSERT INTO `number` VALUES (110);
INSERT INTO `number` VALUES (111);
INSERT INTO `number` VALUES (112);
INSERT INTO `number` VALUES (113);
INSERT INTO `number` VALUES (114);
INSERT INTO `number` VALUES (115);
INSERT INTO `number` VALUES (116);
INSERT INTO `number` VALUES (117);
INSERT INTO `number` VALUES (118);
INSERT INTO `number` VALUES (119);
INSERT INTO `number` VALUES (120);
INSERT INTO `number` VALUES (121);
INSERT INTO `number` VALUES (122);
INSERT INTO `number` VALUES (123);
INSERT INTO `number` VALUES (124);
INSERT INTO `number` VALUES (125);
INSERT INTO `number` VALUES (126);
INSERT INTO `number` VALUES (127);
INSERT INTO `number` VALUES (128);
INSERT INTO `number` VALUES (129);
INSERT INTO `number` VALUES (130);
INSERT INTO `number` VALUES (131);
INSERT INTO `number` VALUES (132);
INSERT INTO `number` VALUES (133);
INSERT INTO `number` VALUES (134);
INSERT INTO `number` VALUES (135);
INSERT INTO `number` VALUES (136);
INSERT INTO `number` VALUES (137);
INSERT INTO `number` VALUES (138);
INSERT INTO `number` VALUES (139);
INSERT INTO `number` VALUES (140);
INSERT INTO `number` VALUES (141);
INSERT INTO `number` VALUES (142);
INSERT INTO `number` VALUES (143);
INSERT INTO `number` VALUES (144);
INSERT INTO `number` VALUES (145);
INSERT INTO `number` VALUES (146);
INSERT INTO `number` VALUES (147);
INSERT INTO `number` VALUES (148);
INSERT INTO `number` VALUES (149);
INSERT INTO `number` VALUES (150);
INSERT INTO `number` VALUES (151);
INSERT INTO `number` VALUES (152);
INSERT INTO `number` VALUES (153);
INSERT INTO `number` VALUES (154);
INSERT INTO `number` VALUES (155);
INSERT INTO `number` VALUES (156);
INSERT INTO `number` VALUES (157);
INSERT INTO `number` VALUES (158);
INSERT INTO `number` VALUES (159);
INSERT INTO `number` VALUES (160);
INSERT INTO `number` VALUES (161);
INSERT INTO `number` VALUES (162);
INSERT INTO `number` VALUES (163);
INSERT INTO `number` VALUES (164);
INSERT INTO `number` VALUES (165);
INSERT INTO `number` VALUES (166);
INSERT INTO `number` VALUES (167);
INSERT INTO `number` VALUES (168);
INSERT INTO `number` VALUES (169);
INSERT INTO `number` VALUES (170);
INSERT INTO `number` VALUES (171);
INSERT INTO `number` VALUES (172);
INSERT INTO `number` VALUES (173);
INSERT INTO `number` VALUES (174);
INSERT INTO `number` VALUES (175);
INSERT INTO `number` VALUES (176);
INSERT INTO `number` VALUES (177);
INSERT INTO `number` VALUES (178);
INSERT INTO `number` VALUES (179);
INSERT INTO `number` VALUES (180);
INSERT INTO `number` VALUES (181);
INSERT INTO `number` VALUES (182);
INSERT INTO `number` VALUES (183);
INSERT INTO `number` VALUES (184);
INSERT INTO `number` VALUES (185);
INSERT INTO `number` VALUES (186);
INSERT INTO `number` VALUES (187);
INSERT INTO `number` VALUES (188);
INSERT INTO `number` VALUES (189);
INSERT INTO `number` VALUES (190);
INSERT INTO `number` VALUES (191);
INSERT INTO `number` VALUES (192);
INSERT INTO `number` VALUES (193);
INSERT INTO `number` VALUES (194);
INSERT INTO `number` VALUES (195);
INSERT INTO `number` VALUES (196);
INSERT INTO `number` VALUES (197);
INSERT INTO `number` VALUES (198);
INSERT INTO `number` VALUES (199);
INSERT INTO `number` VALUES (200);
INSERT INTO `number` VALUES (201);
INSERT INTO `number` VALUES (202);
INSERT INTO `number` VALUES (203);
INSERT INTO `number` VALUES (204);
INSERT INTO `number` VALUES (205);
INSERT INTO `number` VALUES (206);
INSERT INTO `number` VALUES (207);
INSERT INTO `number` VALUES (208);
INSERT INTO `number` VALUES (209);
INSERT INTO `number` VALUES (210);
INSERT INTO `number` VALUES (211);
INSERT INTO `number` VALUES (212);
INSERT INTO `number` VALUES (213);
INSERT INTO `number` VALUES (214);
INSERT INTO `number` VALUES (215);
INSERT INTO `number` VALUES (216);
INSERT INTO `number` VALUES (217);
INSERT INTO `number` VALUES (218);
INSERT INTO `number` VALUES (219);
INSERT INTO `number` VALUES (220);
INSERT INTO `number` VALUES (221);
INSERT INTO `number` VALUES (222);
INSERT INTO `number` VALUES (223);
INSERT INTO `number` VALUES (224);
INSERT INTO `number` VALUES (225);
INSERT INTO `number` VALUES (226);
INSERT INTO `number` VALUES (227);
INSERT INTO `number` VALUES (228);
INSERT INTO `number` VALUES (229);
INSERT INTO `number` VALUES (230);
INSERT INTO `number` VALUES (231);
INSERT INTO `number` VALUES (232);
INSERT INTO `number` VALUES (233);
INSERT INTO `number` VALUES (234);
INSERT INTO `number` VALUES (235);
INSERT INTO `number` VALUES (236);
INSERT INTO `number` VALUES (237);
INSERT INTO `number` VALUES (238);
INSERT INTO `number` VALUES (239);
INSERT INTO `number` VALUES (240);
INSERT INTO `number` VALUES (241);
INSERT INTO `number` VALUES (242);
INSERT INTO `number` VALUES (243);
INSERT INTO `number` VALUES (244);
INSERT INTO `number` VALUES (245);
INSERT INTO `number` VALUES (246);
INSERT INTO `number` VALUES (247);
INSERT INTO `number` VALUES (248);
INSERT INTO `number` VALUES (249);
INSERT INTO `number` VALUES (250);
INSERT INTO `number` VALUES (251);
INSERT INTO `number` VALUES (252);
INSERT INTO `number` VALUES (253);
INSERT INTO `number` VALUES (254);
INSERT INTO `number` VALUES (255);
INSERT INTO `number` VALUES (256);
INSERT INTO `number` VALUES (257);
INSERT INTO `number` VALUES (258);
INSERT INTO `number` VALUES (259);
INSERT INTO `number` VALUES (260);
INSERT INTO `number` VALUES (261);
INSERT INTO `number` VALUES (262);
INSERT INTO `number` VALUES (263);
INSERT INTO `number` VALUES (264);
INSERT INTO `number` VALUES (265);
INSERT INTO `number` VALUES (266);
INSERT INTO `number` VALUES (267);
INSERT INTO `number` VALUES (268);
INSERT INTO `number` VALUES (269);
INSERT INTO `number` VALUES (270);
INSERT INTO `number` VALUES (271);
INSERT INTO `number` VALUES (272);
INSERT INTO `number` VALUES (273);
INSERT INTO `number` VALUES (274);
INSERT INTO `number` VALUES (275);
INSERT INTO `number` VALUES (276);
INSERT INTO `number` VALUES (277);
INSERT INTO `number` VALUES (278);
INSERT INTO `number` VALUES (279);
INSERT INTO `number` VALUES (280);
INSERT INTO `number` VALUES (281);
INSERT INTO `number` VALUES (282);
INSERT INTO `number` VALUES (283);
INSERT INTO `number` VALUES (284);
INSERT INTO `number` VALUES (285);
INSERT INTO `number` VALUES (286);
INSERT INTO `number` VALUES (287);
INSERT INTO `number` VALUES (288);
INSERT INTO `number` VALUES (289);
INSERT INTO `number` VALUES (290);
INSERT INTO `number` VALUES (291);
INSERT INTO `number` VALUES (292);
INSERT INTO `number` VALUES (293);
INSERT INTO `number` VALUES (294);
INSERT INTO `number` VALUES (295);
INSERT INTO `number` VALUES (296);
INSERT INTO `number` VALUES (297);
INSERT INTO `number` VALUES (298);
INSERT INTO `number` VALUES (299);
INSERT INTO `number` VALUES (300);
INSERT INTO `number` VALUES (301);
INSERT INTO `number` VALUES (302);
INSERT INTO `number` VALUES (303);
INSERT INTO `number` VALUES (304);
INSERT INTO `number` VALUES (305);
INSERT INTO `number` VALUES (306);
INSERT INTO `number` VALUES (307);
INSERT INTO `number` VALUES (308);
INSERT INTO `number` VALUES (309);
INSERT INTO `number` VALUES (310);
INSERT INTO `number` VALUES (311);
INSERT INTO `number` VALUES (312);
INSERT INTO `number` VALUES (313);
INSERT INTO `number` VALUES (314);
INSERT INTO `number` VALUES (315);
INSERT INTO `number` VALUES (316);
INSERT INTO `number` VALUES (317);
INSERT INTO `number` VALUES (318);
INSERT INTO `number` VALUES (319);
INSERT INTO `number` VALUES (320);
INSERT INTO `number` VALUES (321);
INSERT INTO `number` VALUES (322);
INSERT INTO `number` VALUES (323);
INSERT INTO `number` VALUES (324);
INSERT INTO `number` VALUES (325);
INSERT INTO `number` VALUES (326);
INSERT INTO `number` VALUES (327);
INSERT INTO `number` VALUES (328);
INSERT INTO `number` VALUES (329);
INSERT INTO `number` VALUES (330);
INSERT INTO `number` VALUES (331);
INSERT INTO `number` VALUES (332);
INSERT INTO `number` VALUES (333);
INSERT INTO `number` VALUES (334);
INSERT INTO `number` VALUES (335);
INSERT INTO `number` VALUES (336);
INSERT INTO `number` VALUES (337);
INSERT INTO `number` VALUES (338);
INSERT INTO `number` VALUES (339);
INSERT INTO `number` VALUES (340);
INSERT INTO `number` VALUES (341);
INSERT INTO `number` VALUES (342);
INSERT INTO `number` VALUES (343);
INSERT INTO `number` VALUES (344);
INSERT INTO `number` VALUES (345);
INSERT INTO `number` VALUES (346);
INSERT INTO `number` VALUES (347);
INSERT INTO `number` VALUES (348);
INSERT INTO `number` VALUES (349);
INSERT INTO `number` VALUES (350);
INSERT INTO `number` VALUES (351);
INSERT INTO `number` VALUES (352);
INSERT INTO `number` VALUES (353);
INSERT INTO `number` VALUES (354);
INSERT INTO `number` VALUES (355);
INSERT INTO `number` VALUES (356);
INSERT INTO `number` VALUES (357);
INSERT INTO `number` VALUES (358);
INSERT INTO `number` VALUES (359);
INSERT INTO `number` VALUES (360);
INSERT INTO `number` VALUES (361);
INSERT INTO `number` VALUES (362);
INSERT INTO `number` VALUES (363);
INSERT INTO `number` VALUES (364);
INSERT INTO `number` VALUES (365);
INSERT INTO `number` VALUES (366);
INSERT INTO `number` VALUES (367);
INSERT INTO `number` VALUES (368);
INSERT INTO `number` VALUES (369);
INSERT INTO `number` VALUES (370);
INSERT INTO `number` VALUES (371);
INSERT INTO `number` VALUES (372);
INSERT INTO `number` VALUES (373);
INSERT INTO `number` VALUES (374);
INSERT INTO `number` VALUES (375);
INSERT INTO `number` VALUES (376);
INSERT INTO `number` VALUES (377);
INSERT INTO `number` VALUES (378);
INSERT INTO `number` VALUES (379);
INSERT INTO `number` VALUES (380);
INSERT INTO `number` VALUES (381);
INSERT INTO `number` VALUES (382);
INSERT INTO `number` VALUES (383);
INSERT INTO `number` VALUES (384);
INSERT INTO `number` VALUES (385);
INSERT INTO `number` VALUES (386);
INSERT INTO `number` VALUES (387);
INSERT INTO `number` VALUES (388);
INSERT INTO `number` VALUES (389);
INSERT INTO `number` VALUES (390);
INSERT INTO `number` VALUES (391);
INSERT INTO `number` VALUES (392);
INSERT INTO `number` VALUES (393);
INSERT INTO `number` VALUES (394);
INSERT INTO `number` VALUES (395);
INSERT INTO `number` VALUES (396);
INSERT INTO `number` VALUES (397);
INSERT INTO `number` VALUES (398);
INSERT INTO `number` VALUES (399);
INSERT INTO `number` VALUES (400);
INSERT INTO `number` VALUES (401);
INSERT INTO `number` VALUES (402);
INSERT INTO `number` VALUES (403);
INSERT INTO `number` VALUES (404);
INSERT INTO `number` VALUES (405);
INSERT INTO `number` VALUES (406);
INSERT INTO `number` VALUES (407);
INSERT INTO `number` VALUES (408);
INSERT INTO `number` VALUES (409);
INSERT INTO `number` VALUES (410);
INSERT INTO `number` VALUES (411);
INSERT INTO `number` VALUES (412);
INSERT INTO `number` VALUES (413);
INSERT INTO `number` VALUES (414);
INSERT INTO `number` VALUES (415);
INSERT INTO `number` VALUES (416);
INSERT INTO `number` VALUES (417);
INSERT INTO `number` VALUES (418);
INSERT INTO `number` VALUES (419);
INSERT INTO `number` VALUES (420);
INSERT INTO `number` VALUES (421);
INSERT INTO `number` VALUES (422);
INSERT INTO `number` VALUES (423);
INSERT INTO `number` VALUES (424);
INSERT INTO `number` VALUES (425);
INSERT INTO `number` VALUES (426);
INSERT INTO `number` VALUES (427);
INSERT INTO `number` VALUES (428);
INSERT INTO `number` VALUES (429);
INSERT INTO `number` VALUES (430);
INSERT INTO `number` VALUES (431);
INSERT INTO `number` VALUES (432);
INSERT INTO `number` VALUES (433);
INSERT INTO `number` VALUES (434);
INSERT INTO `number` VALUES (435);
INSERT INTO `number` VALUES (436);
INSERT INTO `number` VALUES (437);
INSERT INTO `number` VALUES (438);
INSERT INTO `number` VALUES (439);
INSERT INTO `number` VALUES (440);
INSERT INTO `number` VALUES (441);
INSERT INTO `number` VALUES (442);
INSERT INTO `number` VALUES (443);
INSERT INTO `number` VALUES (444);
INSERT INTO `number` VALUES (445);
INSERT INTO `number` VALUES (446);
INSERT INTO `number` VALUES (447);
INSERT INTO `number` VALUES (448);
INSERT INTO `number` VALUES (449);
INSERT INTO `number` VALUES (450);
INSERT INTO `number` VALUES (451);
INSERT INTO `number` VALUES (452);
INSERT INTO `number` VALUES (453);
INSERT INTO `number` VALUES (454);
INSERT INTO `number` VALUES (455);
INSERT INTO `number` VALUES (456);
INSERT INTO `number` VALUES (457);
INSERT INTO `number` VALUES (458);
INSERT INTO `number` VALUES (459);
INSERT INTO `number` VALUES (460);
INSERT INTO `number` VALUES (461);
INSERT INTO `number` VALUES (462);
INSERT INTO `number` VALUES (463);
INSERT INTO `number` VALUES (464);
INSERT INTO `number` VALUES (465);
INSERT INTO `number` VALUES (466);
INSERT INTO `number` VALUES (467);
INSERT INTO `number` VALUES (468);
INSERT INTO `number` VALUES (469);
INSERT INTO `number` VALUES (470);
INSERT INTO `number` VALUES (471);
INSERT INTO `number` VALUES (472);
INSERT INTO `number` VALUES (473);
INSERT INTO `number` VALUES (474);
INSERT INTO `number` VALUES (475);
INSERT INTO `number` VALUES (476);
INSERT INTO `number` VALUES (477);
INSERT INTO `number` VALUES (478);
INSERT INTO `number` VALUES (479);
INSERT INTO `number` VALUES (480);
INSERT INTO `number` VALUES (481);
INSERT INTO `number` VALUES (482);
INSERT INTO `number` VALUES (483);
INSERT INTO `number` VALUES (484);
INSERT INTO `number` VALUES (485);
INSERT INTO `number` VALUES (486);
INSERT INTO `number` VALUES (487);
INSERT INTO `number` VALUES (488);
INSERT INTO `number` VALUES (489);
INSERT INTO `number` VALUES (490);
INSERT INTO `number` VALUES (491);
INSERT INTO `number` VALUES (492);
INSERT INTO `number` VALUES (493);
INSERT INTO `number` VALUES (494);
INSERT INTO `number` VALUES (495);
INSERT INTO `number` VALUES (496);
INSERT INTO `number` VALUES (497);
INSERT INTO `number` VALUES (498);
INSERT INTO `number` VALUES (499);
INSERT INTO `number` VALUES (500);
INSERT INTO `number` VALUES (501);
INSERT INTO `number` VALUES (502);
INSERT INTO `number` VALUES (503);
INSERT INTO `number` VALUES (504);
INSERT INTO `number` VALUES (505);
INSERT INTO `number` VALUES (506);
INSERT INTO `number` VALUES (507);
INSERT INTO `number` VALUES (508);
INSERT INTO `number` VALUES (509);
INSERT INTO `number` VALUES (510);
INSERT INTO `number` VALUES (511);
INSERT INTO `number` VALUES (512);
INSERT INTO `number` VALUES (513);
INSERT INTO `number` VALUES (514);
INSERT INTO `number` VALUES (515);
INSERT INTO `number` VALUES (516);
INSERT INTO `number` VALUES (517);
INSERT INTO `number` VALUES (518);
INSERT INTO `number` VALUES (519);
INSERT INTO `number` VALUES (520);
INSERT INTO `number` VALUES (521);
INSERT INTO `number` VALUES (522);
INSERT INTO `number` VALUES (523);
INSERT INTO `number` VALUES (524);
INSERT INTO `number` VALUES (525);
INSERT INTO `number` VALUES (526);
INSERT INTO `number` VALUES (527);
INSERT INTO `number` VALUES (528);
INSERT INTO `number` VALUES (529);
INSERT INTO `number` VALUES (530);
INSERT INTO `number` VALUES (531);
INSERT INTO `number` VALUES (532);
INSERT INTO `number` VALUES (533);
INSERT INTO `number` VALUES (534);
INSERT INTO `number` VALUES (535);
INSERT INTO `number` VALUES (536);
INSERT INTO `number` VALUES (537);
INSERT INTO `number` VALUES (538);
INSERT INTO `number` VALUES (539);
INSERT INTO `number` VALUES (540);
INSERT INTO `number` VALUES (541);
INSERT INTO `number` VALUES (542);
INSERT INTO `number` VALUES (543);
INSERT INTO `number` VALUES (544);
INSERT INTO `number` VALUES (545);
INSERT INTO `number` VALUES (546);
INSERT INTO `number` VALUES (547);
INSERT INTO `number` VALUES (548);
INSERT INTO `number` VALUES (549);
INSERT INTO `number` VALUES (550);
INSERT INTO `number` VALUES (551);
INSERT INTO `number` VALUES (552);
INSERT INTO `number` VALUES (553);
INSERT INTO `number` VALUES (554);
INSERT INTO `number` VALUES (555);
INSERT INTO `number` VALUES (556);
INSERT INTO `number` VALUES (557);
INSERT INTO `number` VALUES (558);
INSERT INTO `number` VALUES (559);
INSERT INTO `number` VALUES (560);
INSERT INTO `number` VALUES (561);
INSERT INTO `number` VALUES (562);
INSERT INTO `number` VALUES (563);
INSERT INTO `number` VALUES (564);
INSERT INTO `number` VALUES (565);
INSERT INTO `number` VALUES (566);
INSERT INTO `number` VALUES (567);
INSERT INTO `number` VALUES (568);
INSERT INTO `number` VALUES (569);
INSERT INTO `number` VALUES (570);
INSERT INTO `number` VALUES (571);
INSERT INTO `number` VALUES (572);
INSERT INTO `number` VALUES (573);
INSERT INTO `number` VALUES (574);
INSERT INTO `number` VALUES (575);
INSERT INTO `number` VALUES (576);
INSERT INTO `number` VALUES (577);
INSERT INTO `number` VALUES (578);
INSERT INTO `number` VALUES (579);
INSERT INTO `number` VALUES (580);
INSERT INTO `number` VALUES (581);
INSERT INTO `number` VALUES (582);
INSERT INTO `number` VALUES (583);
INSERT INTO `number` VALUES (584);
INSERT INTO `number` VALUES (585);
INSERT INTO `number` VALUES (586);
INSERT INTO `number` VALUES (587);
INSERT INTO `number` VALUES (588);
INSERT INTO `number` VALUES (589);
INSERT INTO `number` VALUES (590);
INSERT INTO `number` VALUES (591);
INSERT INTO `number` VALUES (592);
INSERT INTO `number` VALUES (593);
INSERT INTO `number` VALUES (594);
INSERT INTO `number` VALUES (595);
INSERT INTO `number` VALUES (596);
INSERT INTO `number` VALUES (597);
INSERT INTO `number` VALUES (598);
INSERT INTO `number` VALUES (599);
INSERT INTO `number` VALUES (600);
INSERT INTO `number` VALUES (601);
INSERT INTO `number` VALUES (602);
INSERT INTO `number` VALUES (603);
INSERT INTO `number` VALUES (604);
INSERT INTO `number` VALUES (605);
INSERT INTO `number` VALUES (606);
INSERT INTO `number` VALUES (607);
INSERT INTO `number` VALUES (608);
INSERT INTO `number` VALUES (609);
INSERT INTO `number` VALUES (610);
INSERT INTO `number` VALUES (611);
INSERT INTO `number` VALUES (612);
INSERT INTO `number` VALUES (613);
INSERT INTO `number` VALUES (614);
INSERT INTO `number` VALUES (615);
INSERT INTO `number` VALUES (616);
INSERT INTO `number` VALUES (617);
INSERT INTO `number` VALUES (618);
INSERT INTO `number` VALUES (619);
INSERT INTO `number` VALUES (620);
INSERT INTO `number` VALUES (621);
INSERT INTO `number` VALUES (622);
INSERT INTO `number` VALUES (623);
INSERT INTO `number` VALUES (624);
INSERT INTO `number` VALUES (625);
INSERT INTO `number` VALUES (626);
INSERT INTO `number` VALUES (627);
INSERT INTO `number` VALUES (628);
INSERT INTO `number` VALUES (629);
INSERT INTO `number` VALUES (630);
INSERT INTO `number` VALUES (631);
INSERT INTO `number` VALUES (632);
INSERT INTO `number` VALUES (633);
INSERT INTO `number` VALUES (634);
INSERT INTO `number` VALUES (635);
INSERT INTO `number` VALUES (636);
INSERT INTO `number` VALUES (637);
INSERT INTO `number` VALUES (638);
INSERT INTO `number` VALUES (639);
INSERT INTO `number` VALUES (640);
INSERT INTO `number` VALUES (641);
INSERT INTO `number` VALUES (642);
INSERT INTO `number` VALUES (643);
INSERT INTO `number` VALUES (644);
INSERT INTO `number` VALUES (645);
INSERT INTO `number` VALUES (646);
INSERT INTO `number` VALUES (647);
INSERT INTO `number` VALUES (648);
INSERT INTO `number` VALUES (649);
INSERT INTO `number` VALUES (650);
INSERT INTO `number` VALUES (651);
INSERT INTO `number` VALUES (652);
INSERT INTO `number` VALUES (653);
INSERT INTO `number` VALUES (654);
INSERT INTO `number` VALUES (655);
INSERT INTO `number` VALUES (656);
INSERT INTO `number` VALUES (657);
INSERT INTO `number` VALUES (658);
INSERT INTO `number` VALUES (659);
INSERT INTO `number` VALUES (660);
INSERT INTO `number` VALUES (661);
INSERT INTO `number` VALUES (662);
INSERT INTO `number` VALUES (663);
INSERT INTO `number` VALUES (664);
INSERT INTO `number` VALUES (665);
INSERT INTO `number` VALUES (666);
INSERT INTO `number` VALUES (667);
INSERT INTO `number` VALUES (668);
INSERT INTO `number` VALUES (669);
INSERT INTO `number` VALUES (670);
INSERT INTO `number` VALUES (671);
INSERT INTO `number` VALUES (672);
INSERT INTO `number` VALUES (673);
INSERT INTO `number` VALUES (674);
INSERT INTO `number` VALUES (675);
INSERT INTO `number` VALUES (676);
INSERT INTO `number` VALUES (677);
INSERT INTO `number` VALUES (678);
INSERT INTO `number` VALUES (679);
INSERT INTO `number` VALUES (680);
INSERT INTO `number` VALUES (681);
INSERT INTO `number` VALUES (682);
INSERT INTO `number` VALUES (683);
INSERT INTO `number` VALUES (684);
INSERT INTO `number` VALUES (685);
INSERT INTO `number` VALUES (686);
INSERT INTO `number` VALUES (687);
INSERT INTO `number` VALUES (688);
INSERT INTO `number` VALUES (689);
INSERT INTO `number` VALUES (690);
INSERT INTO `number` VALUES (691);
INSERT INTO `number` VALUES (692);
INSERT INTO `number` VALUES (693);
INSERT INTO `number` VALUES (694);
INSERT INTO `number` VALUES (695);
INSERT INTO `number` VALUES (696);
INSERT INTO `number` VALUES (697);
INSERT INTO `number` VALUES (698);
INSERT INTO `number` VALUES (699);
INSERT INTO `number` VALUES (700);
INSERT INTO `number` VALUES (701);
INSERT INTO `number` VALUES (702);
INSERT INTO `number` VALUES (703);
INSERT INTO `number` VALUES (704);
INSERT INTO `number` VALUES (705);
INSERT INTO `number` VALUES (706);
INSERT INTO `number` VALUES (707);
INSERT INTO `number` VALUES (708);
INSERT INTO `number` VALUES (709);
INSERT INTO `number` VALUES (710);
INSERT INTO `number` VALUES (711);
INSERT INTO `number` VALUES (712);
INSERT INTO `number` VALUES (713);
INSERT INTO `number` VALUES (714);
INSERT INTO `number` VALUES (715);
INSERT INTO `number` VALUES (716);
INSERT INTO `number` VALUES (717);
INSERT INTO `number` VALUES (718);
INSERT INTO `number` VALUES (719);
INSERT INTO `number` VALUES (720);
INSERT INTO `number` VALUES (721);
INSERT INTO `number` VALUES (722);
INSERT INTO `number` VALUES (723);
INSERT INTO `number` VALUES (724);
INSERT INTO `number` VALUES (725);
INSERT INTO `number` VALUES (726);
INSERT INTO `number` VALUES (727);
INSERT INTO `number` VALUES (728);
INSERT INTO `number` VALUES (729);
INSERT INTO `number` VALUES (730);
INSERT INTO `number` VALUES (731);
INSERT INTO `number` VALUES (732);
INSERT INTO `number` VALUES (733);
INSERT INTO `number` VALUES (734);
INSERT INTO `number` VALUES (735);
INSERT INTO `number` VALUES (736);
INSERT INTO `number` VALUES (737);
INSERT INTO `number` VALUES (738);
INSERT INTO `number` VALUES (739);
INSERT INTO `number` VALUES (740);
INSERT INTO `number` VALUES (741);
INSERT INTO `number` VALUES (742);
INSERT INTO `number` VALUES (743);
INSERT INTO `number` VALUES (744);
INSERT INTO `number` VALUES (745);
INSERT INTO `number` VALUES (746);
INSERT INTO `number` VALUES (747);
INSERT INTO `number` VALUES (748);
INSERT INTO `number` VALUES (749);
INSERT INTO `number` VALUES (750);
INSERT INTO `number` VALUES (751);
INSERT INTO `number` VALUES (752);
INSERT INTO `number` VALUES (753);
INSERT INTO `number` VALUES (754);
INSERT INTO `number` VALUES (755);
INSERT INTO `number` VALUES (756);
INSERT INTO `number` VALUES (757);
INSERT INTO `number` VALUES (758);
INSERT INTO `number` VALUES (759);
INSERT INTO `number` VALUES (760);
INSERT INTO `number` VALUES (761);
INSERT INTO `number` VALUES (762);
INSERT INTO `number` VALUES (763);
INSERT INTO `number` VALUES (764);
INSERT INTO `number` VALUES (765);
INSERT INTO `number` VALUES (766);
INSERT INTO `number` VALUES (767);
INSERT INTO `number` VALUES (768);
INSERT INTO `number` VALUES (769);
INSERT INTO `number` VALUES (770);
INSERT INTO `number` VALUES (771);
INSERT INTO `number` VALUES (772);
INSERT INTO `number` VALUES (773);
INSERT INTO `number` VALUES (774);
INSERT INTO `number` VALUES (775);
INSERT INTO `number` VALUES (776);
INSERT INTO `number` VALUES (777);
INSERT INTO `number` VALUES (778);
INSERT INTO `number` VALUES (779);
INSERT INTO `number` VALUES (780);
INSERT INTO `number` VALUES (781);
INSERT INTO `number` VALUES (782);
INSERT INTO `number` VALUES (783);
INSERT INTO `number` VALUES (784);
INSERT INTO `number` VALUES (785);
INSERT INTO `number` VALUES (786);
INSERT INTO `number` VALUES (787);
INSERT INTO `number` VALUES (788);
INSERT INTO `number` VALUES (789);
INSERT INTO `number` VALUES (790);
INSERT INTO `number` VALUES (791);
INSERT INTO `number` VALUES (792);
INSERT INTO `number` VALUES (793);
INSERT INTO `number` VALUES (794);
INSERT INTO `number` VALUES (795);
INSERT INTO `number` VALUES (796);
INSERT INTO `number` VALUES (797);
INSERT INTO `number` VALUES (798);
INSERT INTO `number` VALUES (799);
INSERT INTO `number` VALUES (800);
INSERT INTO `number` VALUES (801);
INSERT INTO `number` VALUES (802);
INSERT INTO `number` VALUES (803);
INSERT INTO `number` VALUES (804);
INSERT INTO `number` VALUES (805);
INSERT INTO `number` VALUES (806);
INSERT INTO `number` VALUES (807);
INSERT INTO `number` VALUES (808);
INSERT INTO `number` VALUES (809);
INSERT INTO `number` VALUES (810);
INSERT INTO `number` VALUES (811);
INSERT INTO `number` VALUES (812);
INSERT INTO `number` VALUES (813);
INSERT INTO `number` VALUES (814);
INSERT INTO `number` VALUES (815);
INSERT INTO `number` VALUES (816);
INSERT INTO `number` VALUES (817);
INSERT INTO `number` VALUES (818);
INSERT INTO `number` VALUES (819);
INSERT INTO `number` VALUES (820);
INSERT INTO `number` VALUES (821);
INSERT INTO `number` VALUES (822);
INSERT INTO `number` VALUES (823);
INSERT INTO `number` VALUES (824);
INSERT INTO `number` VALUES (825);
INSERT INTO `number` VALUES (826);
INSERT INTO `number` VALUES (827);
INSERT INTO `number` VALUES (828);
INSERT INTO `number` VALUES (829);
INSERT INTO `number` VALUES (830);
INSERT INTO `number` VALUES (831);
INSERT INTO `number` VALUES (832);
INSERT INTO `number` VALUES (833);
INSERT INTO `number` VALUES (834);
INSERT INTO `number` VALUES (835);
INSERT INTO `number` VALUES (836);
INSERT INTO `number` VALUES (837);
INSERT INTO `number` VALUES (838);
INSERT INTO `number` VALUES (839);
INSERT INTO `number` VALUES (840);
INSERT INTO `number` VALUES (841);
INSERT INTO `number` VALUES (842);
INSERT INTO `number` VALUES (843);
INSERT INTO `number` VALUES (844);
INSERT INTO `number` VALUES (845);
INSERT INTO `number` VALUES (846);
INSERT INTO `number` VALUES (847);
INSERT INTO `number` VALUES (848);
INSERT INTO `number` VALUES (849);
INSERT INTO `number` VALUES (850);
INSERT INTO `number` VALUES (851);
INSERT INTO `number` VALUES (852);
INSERT INTO `number` VALUES (853);
INSERT INTO `number` VALUES (854);
INSERT INTO `number` VALUES (855);
INSERT INTO `number` VALUES (856);
INSERT INTO `number` VALUES (857);
INSERT INTO `number` VALUES (858);
INSERT INTO `number` VALUES (859);
INSERT INTO `number` VALUES (860);
INSERT INTO `number` VALUES (861);
INSERT INTO `number` VALUES (862);
INSERT INTO `number` VALUES (863);
INSERT INTO `number` VALUES (864);
INSERT INTO `number` VALUES (865);
INSERT INTO `number` VALUES (866);
INSERT INTO `number` VALUES (867);
INSERT INTO `number` VALUES (868);
INSERT INTO `number` VALUES (869);
INSERT INTO `number` VALUES (870);
INSERT INTO `number` VALUES (871);
INSERT INTO `number` VALUES (872);
INSERT INTO `number` VALUES (873);
INSERT INTO `number` VALUES (874);
INSERT INTO `number` VALUES (875);
INSERT INTO `number` VALUES (876);
INSERT INTO `number` VALUES (877);
INSERT INTO `number` VALUES (878);
INSERT INTO `number` VALUES (879);
INSERT INTO `number` VALUES (880);
INSERT INTO `number` VALUES (881);
INSERT INTO `number` VALUES (882);
INSERT INTO `number` VALUES (883);
INSERT INTO `number` VALUES (884);
INSERT INTO `number` VALUES (885);
INSERT INTO `number` VALUES (886);
INSERT INTO `number` VALUES (887);
INSERT INTO `number` VALUES (888);
INSERT INTO `number` VALUES (889);
INSERT INTO `number` VALUES (890);
INSERT INTO `number` VALUES (891);
INSERT INTO `number` VALUES (892);
INSERT INTO `number` VALUES (893);
INSERT INTO `number` VALUES (894);
INSERT INTO `number` VALUES (895);
INSERT INTO `number` VALUES (896);
INSERT INTO `number` VALUES (897);
INSERT INTO `number` VALUES (898);
INSERT INTO `number` VALUES (899);
INSERT INTO `number` VALUES (900);
INSERT INTO `number` VALUES (901);
INSERT INTO `number` VALUES (902);
INSERT INTO `number` VALUES (903);
INSERT INTO `number` VALUES (904);
INSERT INTO `number` VALUES (905);
INSERT INTO `number` VALUES (906);
INSERT INTO `number` VALUES (907);
INSERT INTO `number` VALUES (908);
INSERT INTO `number` VALUES (909);
INSERT INTO `number` VALUES (910);
INSERT INTO `number` VALUES (911);
INSERT INTO `number` VALUES (912);
INSERT INTO `number` VALUES (913);
INSERT INTO `number` VALUES (914);
INSERT INTO `number` VALUES (915);
INSERT INTO `number` VALUES (916);
INSERT INTO `number` VALUES (917);
INSERT INTO `number` VALUES (918);
INSERT INTO `number` VALUES (919);
INSERT INTO `number` VALUES (920);
INSERT INTO `number` VALUES (921);
INSERT INTO `number` VALUES (922);
INSERT INTO `number` VALUES (923);
INSERT INTO `number` VALUES (924);
INSERT INTO `number` VALUES (925);
INSERT INTO `number` VALUES (926);
INSERT INTO `number` VALUES (927);
INSERT INTO `number` VALUES (928);
INSERT INTO `number` VALUES (929);
INSERT INTO `number` VALUES (930);
INSERT INTO `number` VALUES (931);
INSERT INTO `number` VALUES (932);
INSERT INTO `number` VALUES (933);
INSERT INTO `number` VALUES (934);
INSERT INTO `number` VALUES (935);
INSERT INTO `number` VALUES (936);
INSERT INTO `number` VALUES (937);
INSERT INTO `number` VALUES (938);
INSERT INTO `number` VALUES (939);
INSERT INTO `number` VALUES (940);
INSERT INTO `number` VALUES (941);
INSERT INTO `number` VALUES (942);
INSERT INTO `number` VALUES (943);
INSERT INTO `number` VALUES (944);
INSERT INTO `number` VALUES (945);
INSERT INTO `number` VALUES (946);
INSERT INTO `number` VALUES (947);
INSERT INTO `number` VALUES (948);
INSERT INTO `number` VALUES (949);
INSERT INTO `number` VALUES (950);
INSERT INTO `number` VALUES (951);
INSERT INTO `number` VALUES (952);
INSERT INTO `number` VALUES (953);
INSERT INTO `number` VALUES (954);
INSERT INTO `number` VALUES (955);
INSERT INTO `number` VALUES (956);
INSERT INTO `number` VALUES (957);
INSERT INTO `number` VALUES (958);
INSERT INTO `number` VALUES (959);
INSERT INTO `number` VALUES (960);
INSERT INTO `number` VALUES (961);
INSERT INTO `number` VALUES (962);
INSERT INTO `number` VALUES (963);
INSERT INTO `number` VALUES (964);
INSERT INTO `number` VALUES (965);
INSERT INTO `number` VALUES (966);
INSERT INTO `number` VALUES (967);
INSERT INTO `number` VALUES (968);
INSERT INTO `number` VALUES (969);
INSERT INTO `number` VALUES (970);
INSERT INTO `number` VALUES (971);
INSERT INTO `number` VALUES (972);
INSERT INTO `number` VALUES (973);
INSERT INTO `number` VALUES (974);
INSERT INTO `number` VALUES (975);
INSERT INTO `number` VALUES (976);
INSERT INTO `number` VALUES (977);
INSERT INTO `number` VALUES (978);
INSERT INTO `number` VALUES (979);
INSERT INTO `number` VALUES (980);
INSERT INTO `number` VALUES (981);
INSERT INTO `number` VALUES (982);
INSERT INTO `number` VALUES (983);
INSERT INTO `number` VALUES (984);
INSERT INTO `number` VALUES (985);
INSERT INTO `number` VALUES (986);
INSERT INTO `number` VALUES (987);
INSERT INTO `number` VALUES (988);
INSERT INTO `number` VALUES (989);
INSERT INTO `number` VALUES (990);
INSERT INTO `number` VALUES (991);
INSERT INTO `number` VALUES (992);
INSERT INTO `number` VALUES (993);
INSERT INTO `number` VALUES (994);
INSERT INTO `number` VALUES (995);
INSERT INTO `number` VALUES (996);
INSERT INTO `number` VALUES (997);
INSERT INTO `number` VALUES (998);
INSERT INTO `number` VALUES (999);
INSERT INTO `number` VALUES (1000);
INSERT INTO `number` VALUES (1001);
INSERT INTO `number` VALUES (1002);
INSERT INTO `number` VALUES (1003);
INSERT INTO `number` VALUES (1004);
INSERT INTO `number` VALUES (1005);
INSERT INTO `number` VALUES (1006);
INSERT INTO `number` VALUES (1007);
INSERT INTO `number` VALUES (1008);
INSERT INTO `number` VALUES (1009);
INSERT INTO `number` VALUES (1010);
INSERT INTO `number` VALUES (1011);
INSERT INTO `number` VALUES (1012);
INSERT INTO `number` VALUES (1013);
INSERT INTO `number` VALUES (1014);
INSERT INTO `number` VALUES (1015);
INSERT INTO `number` VALUES (1016);
INSERT INTO `number` VALUES (1017);
INSERT INTO `number` VALUES (1018);
INSERT INTO `number` VALUES (1019);
INSERT INTO `number` VALUES (1020);
INSERT INTO `number` VALUES (1021);
INSERT INTO `number` VALUES (1022);
INSERT INTO `number` VALUES (1023);
INSERT INTO `number` VALUES (1024);
INSERT INTO `number` VALUES (1025);
INSERT INTO `number` VALUES (1026);
INSERT INTO `number` VALUES (1027);
INSERT INTO `number` VALUES (1028);
INSERT INTO `number` VALUES (1029);
INSERT INTO `number` VALUES (1030);
INSERT INTO `number` VALUES (1031);
INSERT INTO `number` VALUES (1032);
INSERT INTO `number` VALUES (1033);
INSERT INTO `number` VALUES (1034);
INSERT INTO `number` VALUES (1035);
INSERT INTO `number` VALUES (1036);
INSERT INTO `number` VALUES (1037);
INSERT INTO `number` VALUES (1038);
INSERT INTO `number` VALUES (1039);
INSERT INTO `number` VALUES (1040);
INSERT INTO `number` VALUES (1041);
INSERT INTO `number` VALUES (1042);
INSERT INTO `number` VALUES (1043);
INSERT INTO `number` VALUES (1044);
INSERT INTO `number` VALUES (1045);
INSERT INTO `number` VALUES (1046);
INSERT INTO `number` VALUES (1047);
INSERT INTO `number` VALUES (1048);
INSERT INTO `number` VALUES (1049);
INSERT INTO `number` VALUES (1050);
INSERT INTO `number` VALUES (1051);
INSERT INTO `number` VALUES (1052);
INSERT INTO `number` VALUES (1053);
INSERT INTO `number` VALUES (1054);
INSERT INTO `number` VALUES (1055);
INSERT INTO `number` VALUES (1056);
INSERT INTO `number` VALUES (1057);
INSERT INTO `number` VALUES (1058);
INSERT INTO `number` VALUES (1059);
INSERT INTO `number` VALUES (1060);
INSERT INTO `number` VALUES (1061);
INSERT INTO `number` VALUES (1062);
INSERT INTO `number` VALUES (1063);
INSERT INTO `number` VALUES (1064);
INSERT INTO `number` VALUES (1065);
INSERT INTO `number` VALUES (1066);
INSERT INTO `number` VALUES (1067);
INSERT INTO `number` VALUES (1068);
INSERT INTO `number` VALUES (1069);
INSERT INTO `number` VALUES (1070);
INSERT INTO `number` VALUES (1071);
INSERT INTO `number` VALUES (1072);
INSERT INTO `number` VALUES (1073);
INSERT INTO `number` VALUES (1074);
INSERT INTO `number` VALUES (1075);
INSERT INTO `number` VALUES (1076);
INSERT INTO `number` VALUES (1077);
INSERT INTO `number` VALUES (1078);
INSERT INTO `number` VALUES (1079);
INSERT INTO `number` VALUES (1080);
INSERT INTO `number` VALUES (1081);
INSERT INTO `number` VALUES (1082);
INSERT INTO `number` VALUES (1083);
INSERT INTO `number` VALUES (1084);
INSERT INTO `number` VALUES (1085);
INSERT INTO `number` VALUES (1086);
INSERT INTO `number` VALUES (1087);
INSERT INTO `number` VALUES (1088);
INSERT INTO `number` VALUES (1089);
INSERT INTO `number` VALUES (1090);
INSERT INTO `number` VALUES (1091);
INSERT INTO `number` VALUES (1092);
INSERT INTO `number` VALUES (1093);
INSERT INTO `number` VALUES (1094);
INSERT INTO `number` VALUES (1095);
INSERT INTO `number` VALUES (1096);
INSERT INTO `number` VALUES (1097);
INSERT INTO `number` VALUES (1098);
INSERT INTO `number` VALUES (1099);
INSERT INTO `number` VALUES (1100);
INSERT INTO `number` VALUES (1101);
INSERT INTO `number` VALUES (1102);
INSERT INTO `number` VALUES (1103);
INSERT INTO `number` VALUES (1104);
INSERT INTO `number` VALUES (1105);
INSERT INTO `number` VALUES (1106);
INSERT INTO `number` VALUES (1107);
INSERT INTO `number` VALUES (1108);
INSERT INTO `number` VALUES (1109);
INSERT INTO `number` VALUES (1110);
INSERT INTO `number` VALUES (1111);
INSERT INTO `number` VALUES (1112);
INSERT INTO `number` VALUES (1113);
INSERT INTO `number` VALUES (1114);
INSERT INTO `number` VALUES (1115);
INSERT INTO `number` VALUES (1116);
INSERT INTO `number` VALUES (1117);
INSERT INTO `number` VALUES (1118);
INSERT INTO `number` VALUES (1119);
INSERT INTO `number` VALUES (1120);
INSERT INTO `number` VALUES (1121);
INSERT INTO `number` VALUES (1122);
INSERT INTO `number` VALUES (1123);
INSERT INTO `number` VALUES (1124);
INSERT INTO `number` VALUES (1125);
INSERT INTO `number` VALUES (1126);
INSERT INTO `number` VALUES (1127);
INSERT INTO `number` VALUES (1128);
INSERT INTO `number` VALUES (1129);
INSERT INTO `number` VALUES (1130);
INSERT INTO `number` VALUES (1131);
INSERT INTO `number` VALUES (1132);
INSERT INTO `number` VALUES (1133);
INSERT INTO `number` VALUES (1134);
INSERT INTO `number` VALUES (1135);
INSERT INTO `number` VALUES (1136);
INSERT INTO `number` VALUES (1137);
INSERT INTO `number` VALUES (1138);
INSERT INTO `number` VALUES (1139);
INSERT INTO `number` VALUES (1140);
INSERT INTO `number` VALUES (1141);
INSERT INTO `number` VALUES (1142);
INSERT INTO `number` VALUES (1143);
INSERT INTO `number` VALUES (1144);
INSERT INTO `number` VALUES (1145);
INSERT INTO `number` VALUES (1146);
INSERT INTO `number` VALUES (1147);
INSERT INTO `number` VALUES (1148);
INSERT INTO `number` VALUES (1149);
INSERT INTO `number` VALUES (1150);
INSERT INTO `number` VALUES (1151);
INSERT INTO `number` VALUES (1152);
INSERT INTO `number` VALUES (1153);
INSERT INTO `number` VALUES (1154);
INSERT INTO `number` VALUES (1155);
INSERT INTO `number` VALUES (1156);
INSERT INTO `number` VALUES (1157);
INSERT INTO `number` VALUES (1158);
INSERT INTO `number` VALUES (1159);
INSERT INTO `number` VALUES (1160);
INSERT INTO `number` VALUES (1161);
INSERT INTO `number` VALUES (1162);
INSERT INTO `number` VALUES (1163);
INSERT INTO `number` VALUES (1164);
INSERT INTO `number` VALUES (1165);
INSERT INTO `number` VALUES (1166);
INSERT INTO `number` VALUES (1167);
INSERT INTO `number` VALUES (1168);
INSERT INTO `number` VALUES (1169);
INSERT INTO `number` VALUES (1170);
INSERT INTO `number` VALUES (1171);
INSERT INTO `number` VALUES (1172);
INSERT INTO `number` VALUES (1173);
INSERT INTO `number` VALUES (1174);
INSERT INTO `number` VALUES (1175);
INSERT INTO `number` VALUES (1176);
INSERT INTO `number` VALUES (1177);
INSERT INTO `number` VALUES (1178);
INSERT INTO `number` VALUES (1179);
INSERT INTO `number` VALUES (1180);
INSERT INTO `number` VALUES (1181);
INSERT INTO `number` VALUES (1182);
INSERT INTO `number` VALUES (1183);
INSERT INTO `number` VALUES (1184);
INSERT INTO `number` VALUES (1185);
INSERT INTO `number` VALUES (1186);
INSERT INTO `number` VALUES (1187);
INSERT INTO `number` VALUES (1188);
INSERT INTO `number` VALUES (1189);
INSERT INTO `number` VALUES (1190);
INSERT INTO `number` VALUES (1191);
INSERT INTO `number` VALUES (1192);
INSERT INTO `number` VALUES (1193);
INSERT INTO `number` VALUES (1194);
INSERT INTO `number` VALUES (1195);
INSERT INTO `number` VALUES (1196);
INSERT INTO `number` VALUES (1197);
INSERT INTO `number` VALUES (1198);
INSERT INTO `number` VALUES (1199);
INSERT INTO `number` VALUES (1200);
INSERT INTO `number` VALUES (1201);
INSERT INTO `number` VALUES (1202);
INSERT INTO `number` VALUES (1203);
INSERT INTO `number` VALUES (1204);
INSERT INTO `number` VALUES (1205);
INSERT INTO `number` VALUES (1206);
INSERT INTO `number` VALUES (1207);
INSERT INTO `number` VALUES (1208);
INSERT INTO `number` VALUES (1209);
INSERT INTO `number` VALUES (1210);
INSERT INTO `number` VALUES (1211);
INSERT INTO `number` VALUES (1212);
INSERT INTO `number` VALUES (1213);
INSERT INTO `number` VALUES (1214);
INSERT INTO `number` VALUES (1215);
INSERT INTO `number` VALUES (1216);
INSERT INTO `number` VALUES (1217);
INSERT INTO `number` VALUES (1218);
INSERT INTO `number` VALUES (1219);
INSERT INTO `number` VALUES (1220);
INSERT INTO `number` VALUES (1221);
INSERT INTO `number` VALUES (1222);
INSERT INTO `number` VALUES (1223);
INSERT INTO `number` VALUES (1224);
INSERT INTO `number` VALUES (1225);
INSERT INTO `number` VALUES (1226);
INSERT INTO `number` VALUES (1227);
INSERT INTO `number` VALUES (1228);
INSERT INTO `number` VALUES (1229);
INSERT INTO `number` VALUES (1230);
INSERT INTO `number` VALUES (1231);
INSERT INTO `number` VALUES (1232);
INSERT INTO `number` VALUES (1233);
INSERT INTO `number` VALUES (1234);
INSERT INTO `number` VALUES (1235);
INSERT INTO `number` VALUES (1236);
INSERT INTO `number` VALUES (1237);
INSERT INTO `number` VALUES (1238);
INSERT INTO `number` VALUES (1239);
INSERT INTO `number` VALUES (1240);
INSERT INTO `number` VALUES (1241);
INSERT INTO `number` VALUES (1242);
INSERT INTO `number` VALUES (1243);
INSERT INTO `number` VALUES (1244);
INSERT INTO `number` VALUES (1245);
INSERT INTO `number` VALUES (1246);
INSERT INTO `number` VALUES (1247);
INSERT INTO `number` VALUES (1248);
INSERT INTO `number` VALUES (1249);
INSERT INTO `number` VALUES (1250);
INSERT INTO `number` VALUES (1251);
INSERT INTO `number` VALUES (1252);
INSERT INTO `number` VALUES (1253);
INSERT INTO `number` VALUES (1254);
INSERT INTO `number` VALUES (1255);
INSERT INTO `number` VALUES (1256);
INSERT INTO `number` VALUES (1257);
INSERT INTO `number` VALUES (1258);
INSERT INTO `number` VALUES (1259);
INSERT INTO `number` VALUES (1260);
INSERT INTO `number` VALUES (1261);
INSERT INTO `number` VALUES (1262);
INSERT INTO `number` VALUES (1263);
INSERT INTO `number` VALUES (1264);
INSERT INTO `number` VALUES (1265);
INSERT INTO `number` VALUES (1266);
INSERT INTO `number` VALUES (1267);
INSERT INTO `number` VALUES (1268);
INSERT INTO `number` VALUES (1269);
INSERT INTO `number` VALUES (1270);
INSERT INTO `number` VALUES (1271);
INSERT INTO `number` VALUES (1272);
INSERT INTO `number` VALUES (1273);
INSERT INTO `number` VALUES (1274);
INSERT INTO `number` VALUES (1275);
INSERT INTO `number` VALUES (1276);
INSERT INTO `number` VALUES (1277);
INSERT INTO `number` VALUES (1278);
INSERT INTO `number` VALUES (1279);
INSERT INTO `number` VALUES (1280);
INSERT INTO `number` VALUES (1281);
INSERT INTO `number` VALUES (1282);
INSERT INTO `number` VALUES (1283);
INSERT INTO `number` VALUES (1284);
INSERT INTO `number` VALUES (1285);
INSERT INTO `number` VALUES (1286);
INSERT INTO `number` VALUES (1287);
INSERT INTO `number` VALUES (1288);
INSERT INTO `number` VALUES (1289);
INSERT INTO `number` VALUES (1290);
INSERT INTO `number` VALUES (1291);
INSERT INTO `number` VALUES (1292);
INSERT INTO `number` VALUES (1293);
INSERT INTO `number` VALUES (1294);
INSERT INTO `number` VALUES (1295);
INSERT INTO `number` VALUES (1296);
INSERT INTO `number` VALUES (1297);
INSERT INTO `number` VALUES (1298);
INSERT INTO `number` VALUES (1299);
INSERT INTO `number` VALUES (1300);
INSERT INTO `number` VALUES (1301);
INSERT INTO `number` VALUES (1302);
INSERT INTO `number` VALUES (1303);
INSERT INTO `number` VALUES (1304);
INSERT INTO `number` VALUES (1305);
INSERT INTO `number` VALUES (1306);
INSERT INTO `number` VALUES (1307);
INSERT INTO `number` VALUES (1308);
INSERT INTO `number` VALUES (1309);
INSERT INTO `number` VALUES (1310);
INSERT INTO `number` VALUES (1311);
INSERT INTO `number` VALUES (1312);
INSERT INTO `number` VALUES (1313);
INSERT INTO `number` VALUES (1314);
INSERT INTO `number` VALUES (1315);
INSERT INTO `number` VALUES (1316);

-- ----------------------------
-- Table structure for uc_announcement
-- ----------------------------
DROP TABLE IF EXISTS `uc_announcement`;
CREATE TABLE `uc_announcement`  (
                                    `id` bigint(20) UNSIGNED NOT NULL AUTO_INCREMENT,
                                    `language` varchar(255) CHARACTER SET utf8 COLLATE utf8_general_ci NOT NULL COMMENT '语言',
                                    `title` varchar(255) CHARACTER SET utf8 COLLATE utf8_general_ci NOT NULL COMMENT '大标题',
                                    `label` smallint(3) UNSIGNED NOT NULL COMMENT '标签',
                                    `content` varchar(1023) CHARACTER SET utf8 COLLATE utf8_general_ci NOT NULL COMMENT '内容（富文本形式）',
                                    `is_top` tinyint(1) NULL DEFAULT 0 COMMENT '是否置顶',
                                    `is_show` tinyint(1) NULL DEFAULT NULL COMMENT '是否显示',
                                    `create_time` datetime NULL DEFAULT NULL COMMENT '创建时间',
                                    `update_time` datetime NULL DEFAULT NULL COMMENT '更新时间',
                                    PRIMARY KEY (`id`) USING BTREE
) ENGINE = InnoDB AUTO_INCREMENT = 61 CHARACTER SET = utf8 COLLATE = utf8_general_ci ROW_FORMAT = DYNAMIC;

-- ----------------------------
-- Records of uc_announcement
-- ----------------------------
INSERT INTO `uc_announcement` VALUES (1, 'zh_CN', '全体注意，我要发公告了', 4, '为庆祝春节，我公司决定没人余额加10000', 0, 1, '2021-01-28 10:06:26', '2021-01-28 10:06:44');
INSERT INTO `uc_announcement` VALUES (2, 'zh_CN', '交易或将无限期推迟', 2, '由于疫情影响，本司交易暂停', 1, 1, '2021-01-28 10:08:03', '2021-01-28 10:08:05');
INSERT INTO `uc_announcement` VALUES (3, 'zh_CN', '关于冬令时放假通知', 2, '休市休市休市', 1, 1, '2021-02-01 09:58:47', '2021-02-01 09:58:49');
INSERT INTO `uc_announcement` VALUES (4, 'zh_CN', '关于春季工资说明', 4, '30倍', 0, 1, '2021-02-01 09:59:33', '2021-02-01 09:59:36');
INSERT INTO `uc_announcement` VALUES (5, 'zh_CN', '表彰大会2020', 2, '哈哈哈', 0, 1, '2021-02-01 10:00:04', '2021-02-01 10:00:06');
INSERT INTO `uc_announcement` VALUES (6, 'zh_CN', '秦国即将统一', 1, '在秦二世的带领西', 0, 1, '2021-02-01 10:00:35', '2021-02-01 10:00:37');

-- ----------------------------
-- Table structure for uc_bind_bank_card
-- ----------------------------
DROP TABLE IF EXISTS `uc_bind_bank_card`;
CREATE TABLE `uc_bind_bank_card`  (
                                      `id` bigint(20) UNSIGNED NOT NULL AUTO_INCREMENT,
                                      `member_id` bigint(20) UNSIGNED NOT NULL COMMENT '会员id',
                                      `bank_name` varchar(255) CHARACTER SET utf8 COLLATE utf8_general_ci NOT NULL COMMENT '银行名称，如中国工商银行',
                                      `bank_card_number` varchar(255) CHARACTER SET utf8 COLLATE utf8_general_ci NOT NULL COMMENT '银行卡号',
                                      `account_opening_address` varchar(255) CHARACTER SET utf8 COLLATE utf8_general_ci NULL DEFAULT NULL COMMENT '开户地址，如中国 湖北省武汉市xx区',
                                      `account_opening_branch` varchar(255) CHARACTER SET utf8 COLLATE utf8_general_ci NULL DEFAULT NULL COMMENT '开户支行名称',
                                      `create_time` datetime NULL DEFAULT NULL COMMENT '创建时间',
                                      `update_time` datetime NULL DEFAULT NULL COMMENT '更新时间',
                                      PRIMARY KEY (`id`) USING BTREE,
                                      INDEX `member_id`(`member_id`) USING BTREE
) ENGINE = InnoDB AUTO_INCREMENT = 43 CHARACTER SET = utf8 COLLATE = utf8_general_ci ROW_FORMAT = DYNAMIC;

-- ----------------------------
-- Records of uc_bind_bank_card
-- ----------------------------

-- ----------------------------
-- Table structure for uc_common_question
-- ----------------------------
DROP TABLE IF EXISTS `uc_common_question`;
CREATE TABLE `uc_common_question`  (
                                       `id` bigint(20) UNSIGNED NOT NULL AUTO_INCREMENT,
                                       `language` varchar(20) CHARACTER SET utf8 COLLATE utf8_general_ci NULL DEFAULT NULL COMMENT '语言',
                                       `type` smallint(3) UNSIGNED NULL DEFAULT NULL COMMENT '常见问题分类',
                                       `title` varchar(255) CHARACTER SET utf8 COLLATE utf8_general_ci NULL DEFAULT NULL COMMENT '常见问题标题',
                                       `content` varchar(2000) CHARACTER SET utf8 COLLATE utf8_general_ci NULL DEFAULT NULL COMMENT '常见问题 详情',
                                       `is_top` tinyint(1) NULL DEFAULT NULL COMMENT '是否置顶',
                                       `is_show` tinyint(1) NULL DEFAULT 0 COMMENT '是否显示',
                                       `create_time` datetime NULL DEFAULT NULL COMMENT '创建时间',
                                       `update_time` datetime NULL DEFAULT NULL COMMENT '更新时间',
                                       PRIMARY KEY (`id`) USING BTREE
) ENGINE = InnoDB AUTO_INCREMENT = 16 CHARACTER SET = utf8 COLLATE = utf8_general_ci ROW_FORMAT = DYNAMIC;

-- ----------------------------
-- Records of uc_common_question
-- ----------------------------
INSERT INTO `uc_common_question` VALUES (1, 'zh_CN', 1, '外汇占用保证金如何计算', '该咋算咋算呗', 1, 1, '2021-01-14 14:52:46', '2021-01-14 14:52:49');
INSERT INTO `uc_common_question` VALUES (2, 'zh_CN', 1, '什么是点差？点差费用怎么收取', '点差就是买入价与卖出价之间的差价', 0, 1, '2021-01-14 14:54:56', '2021-01-14 14:54:59');
INSERT INTO `uc_common_question` VALUES (3, 'zh_CN', 1, '可以交易哪些商品', '啥都行', 0, 1, '2021-01-14 14:55:36', '2021-01-14 14:55:39');
INSERT INTO `uc_common_question` VALUES (4, 'zh_CN', 1, '具体什么时间可以交易', '啥时候都行', 0, 0, '2021-01-14 14:58:23', '2021-01-14 14:58:26');
INSERT INTO `uc_common_question` VALUES (5, 'zh_CN', 2, '入金后赠金未到账？', '可能有延迟', 0, 1, '2021-01-14 14:59:06', '2021-01-14 14:59:08');
INSERT INTO `uc_common_question` VALUES (6, 'zh_CN', 2, '出今后多长时间可以收到资金', '<p>1.你想多了</p><p>2.我想少了</p><p>3.你好二</p>', 1, 1, '2021-01-14 14:59:46', '2021-01-14 14:59:50');
INSERT INTO `uc_common_question` VALUES (7, 'zh_CN', 2, '出金手续费怎么收取', '10%', 0, 1, '2021-01-14 15:00:12', '2021-01-14 15:00:14');
INSERT INTO `uc_common_question` VALUES (8, 'zh_CN', 2, '客户什么时候可以申请出金', '啥时候都行', 0, 0, '2021-01-14 15:00:48', '2021-01-14 15:00:50');
INSERT INTO `uc_common_question` VALUES (9, 'zh_CN', 3, '激活账户有什么要求？', '交钱就行', 0, 0, '2021-01-14 15:01:21', '2021-01-14 15:01:23');
INSERT INTO `uc_common_question` VALUES (10, 'zh_CN', 3, '开户有年龄限制吗？', '未成年铁定不行啊', 0, 0, '2021-01-14 15:01:47', '2021-01-14 15:01:48');
INSERT INTO `uc_common_question` VALUES (11, 'zh_CN', 4, '没钱可以玩这款APP吗', 'of ocurse，NO', 0, 0, '2021-01-14 18:34:47', '2021-01-14 18:34:49');
INSERT INTO `uc_common_question` VALUES (14, 'string', 1, 'string', 'string', 1, 1, '2021-02-04 15:18:54', '2021-02-04 15:18:54');
INSERT INTO `uc_common_question` VALUES (15, 'en_US', 2, 'adsdaasd', '<p>asdadsada</p>', 0, 0, '2021-02-04 15:21:13', '2021-02-04 15:21:13');

-- ----------------------------
-- Table structure for uc_member
-- ----------------------------
DROP TABLE IF EXISTS `uc_member`;
CREATE TABLE `uc_member`  (
                              `id` bigint(20) NOT NULL AUTO_INCREMENT,
                              `username` varchar(255) CHARACTER SET utf8 COLLATE utf8_general_ci NOT NULL COMMENT '用户名（登录用）',
                              `password` varchar(255) CHARACTER SET utf8 COLLATE utf8_general_ci NOT NULL COMMENT '登录密码',
                              `nickname` varchar(255) CHARACTER SET utf8 COLLATE utf8_general_ci NULL DEFAULT NULL COMMENT '昵称',
                              `real_name` varchar(255) CHARACTER SET utf8 COLLATE utf8_general_ci NULL DEFAULT NULL COMMENT '真实姓名',
                              `phone` varchar(50) CHARACTER SET utf8 COLLATE utf8_general_ci NULL DEFAULT NULL COMMENT '手机号',
                              `client_id` varchar(50) CHARACTER SET utf8 COLLATE utf8_general_ci NULL DEFAULT NULL COMMENT '设备id ',
                              `avatar` varchar(255) CHARACTER SET utf8 COLLATE utf8_general_ci NULL DEFAULT NULL COMMENT '头像',
                              `jy_password` varchar(255) CHARACTER SET utf8 COLLATE utf8_general_ci NULL DEFAULT NULL COMMENT '交易密码',
                              `id_number` varchar(255) CHARACTER SET utf8 COLLATE utf8_general_ci NULL DEFAULT NULL COMMENT '身份证号',
                              `parent_id` bigint(20) NULL DEFAULT NULL COMMENT '上级id',
                              `parent_nickname` varchar(255) CHARACTER SET utf8 COLLATE utf8_general_ci NULL DEFAULT NULL COMMENT '上级昵称',
                              `first_level_num` int(11) NOT NULL DEFAULT 0 COMMENT '下一级人员数量',
                              `login_count` int(11) NULL DEFAULT NULL COMMENT '登录次数',
                              `promotion_code` varchar(50) CHARACTER SET utf8 COLLATE utf8_general_ci NULL DEFAULT NULL COMMENT '邀请码',
                              `number_of_follow` int(10) NULL DEFAULT 0 COMMENT '跟随人数',
                              `language_country` varchar(50) CHARACTER SET utf8 COLLATE utf8_general_ci NULL DEFAULT NULL COMMENT '语言_国家',
                              `real_name_status` smallint(3) NOT NULL DEFAULT 1 COMMENT '实名状态,1:未实名，2：审核中，3：已实名，4：实名审核失败',
                              `is_bind_bank_card` tinyint(1) NOT NULL DEFAULT 0 COMMENT '是否绑定银行卡',
                              `is_completed_questionnaire` tinyint(1) NOT NULL DEFAULT 0 COMMENT '是否已填写过风险测评',
                              `registration_time` datetime NULL DEFAULT NULL COMMENT '注册时间',
                              `last_login_time` datetime NULL DEFAULT NULL COMMENT '上次登录时间',
                              `status` smallint(3) UNSIGNED NOT NULL DEFAULT 1 COMMENT '账号状态，0：不可用，1：可用',
                              PRIMARY KEY (`id`) USING BTREE,
                              INDEX `inviter_id`(`parent_id`) USING BTREE
) ENGINE = InnoDB AUTO_INCREMENT = 72 CHARACTER SET = utf8 COLLATE = utf8_general_ci ROW_FORMAT = DYNAMIC;

-- ----------------------------
-- Records of uc_member
-- ----------------------------

-- ----------------------------
-- Table structure for uc_message_center
-- ----------------------------
DROP TABLE IF EXISTS `uc_message_center`;
CREATE TABLE `uc_message_center`  (
                                      `id` bigint(20) UNSIGNED NOT NULL AUTO_INCREMENT,
                                      `member_id` bigint(20) NOT NULL COMMENT '会员id',
                                      `title` varchar(255) CHARACTER SET utf8 COLLATE utf8_general_ci NOT NULL COMMENT '消息标题',
                                      `content` varchar(255) CHARACTER SET utf8 COLLATE utf8_general_ci NOT NULL COMMENT '消息内容',
                                      `create_time` datetime NULL DEFAULT NULL COMMENT '创建时间',
                                      `update_time` datetime NULL DEFAULT NULL COMMENT '更新时间',
                                      PRIMARY KEY (`id`) USING BTREE
) ENGINE = InnoDB AUTO_INCREMENT = 133 CHARACTER SET = utf8 COLLATE = utf8_general_ci ROW_FORMAT = DYNAMIC;

-- ----------------------------
-- Records of uc_message_center
-- ----------------------------

-- ----------------------------
-- Table structure for uc_real_name_verified
-- ----------------------------
DROP TABLE IF EXISTS `uc_real_name_verified`;
CREATE TABLE `uc_real_name_verified`  (
                                          `id` bigint(20) UNSIGNED NOT NULL AUTO_INCREMENT,
                                          `member_id` bigint(20) UNSIGNED NOT NULL COMMENT '会员id',
                                          `real_name` varchar(40) CHARACTER SET utf8 COLLATE utf8_general_ci NOT NULL COMMENT '真实姓名',
                                          `identity_card_type` smallint(3) UNSIGNED NOT NULL COMMENT '证件类型',
                                          `identity_card_number` varchar(40) CHARACTER SET utf8 COLLATE utf8_general_ci NOT NULL COMMENT '身份证号',
                                          `identity_card_front` varchar(255) CHARACTER SET utf8 COLLATE utf8_general_ci NOT NULL COMMENT '身份证正面照片url',
                                          `identity_card_back` varchar(255) CHARACTER SET utf8 COLLATE utf8_general_ci NOT NULL COMMENT '身份证背面照片url',
                                          `status` smallint(3) UNSIGNED NOT NULL DEFAULT 1 COMMENT '实名认证状态',
                                          `failed_reason` varchar(255) CHARACTER SET utf8 COLLATE utf8_general_ci NULL DEFAULT NULL COMMENT '实名认证失败理由',
                                          `create_time` datetime NULL DEFAULT NULL COMMENT '创建时间',
                                          `update_time` datetime NULL DEFAULT NULL COMMENT '更新时间',
                                          PRIMARY KEY (`id`) USING BTREE,
                                          INDEX `member_id`(`member_id`) USING BTREE
) ENGINE = InnoDB AUTO_INCREMENT = 27 CHARACTER SET = utf8 COLLATE = utf8_general_ci ROW_FORMAT = DYNAMIC;

-- ----------------------------
-- Records of uc_real_name_verified
-- ----------------------------

-- ----------------------------
-- Table structure for ums_admin
-- ----------------------------
DROP TABLE IF EXISTS `ums_admin`;
CREATE TABLE `ums_admin`  (
                              `id` bigint(20) NOT NULL AUTO_INCREMENT,
                              `username` varchar(64) CHARACTER SET utf8 COLLATE utf8_general_ci NULL DEFAULT NULL COMMENT '用户名',
                              `password` varchar(64) CHARACTER SET utf8 COLLATE utf8_general_ci NULL DEFAULT NULL COMMENT '密码',
                              `icon` varchar(500) CHARACTER SET utf8 COLLATE utf8_general_ci NULL DEFAULT NULL COMMENT '头像',
                              `email` varchar(100) CHARACTER SET utf8 COLLATE utf8_general_ci NULL DEFAULT NULL COMMENT '邮箱',
                              `nick_name` varchar(200) CHARACTER SET utf8 COLLATE utf8_general_ci NULL DEFAULT NULL COMMENT '昵称',
                              `note` varchar(500) CHARACTER SET utf8 COLLATE utf8_general_ci NULL DEFAULT NULL COMMENT '备注信息',
                              `create_time` datetime NULL DEFAULT NULL COMMENT '创建时间',
                              `login_time` datetime NULL DEFAULT NULL COMMENT '最后登录时间',
                              `status` int(1) NULL DEFAULT 1 COMMENT '帐号启用状态：0->禁用；1->启用',
                              PRIMARY KEY (`id`) USING BTREE,
                              UNIQUE INDEX `username`(`username`) USING BTREE
) ENGINE = InnoDB AUTO_INCREMENT = 26 CHARACTER SET = utf8 COLLATE = utf8_general_ci COMMENT = '后台用户表' ROW_FORMAT = DYNAMIC;

-- ----------------------------
-- Records of ums_admin
-- ----------------------------
INSERT INTO `ums_admin` VALUES (1, 'test', '$2a$10$NZ5o7r2E.ayT2ZoxgjlI.eJ6OEYqjH7INR/F.mXDbjZJi9HF0YCVG', 'http://macro-oss.oss-cn-shenzhen.aliyuncs.com/mall/images/20180607/timg.jpg', 'test@qq.com', '测试账号', NULL, '2018-09-29 13:55:30', '2018-09-29 13:55:39', 1);
INSERT INTO `ums_admin` VALUES (3, 'admin', '$2a$10$XeJPOa/qX7/5JNlBh0FviuSQduwZyew/n0PIpaN.mLdguvbDwF/52', 'http://macro-oss.oss-cn-shenzhen.aliyuncs.com/mall/images/20180607/timg.jpg', 'admin@163.com', '系统管理员', '系统管理员', '2018-10-08 13:32:47', '2019-04-20 12:45:16', 1);
INSERT INTO `ums_admin` VALUES (4, 'macro', '$2a$10$Bx4jZPR7GhEpIQfefDQtVeS58GfT5n6mxs/b4nLLK65eMFa16topa', 'string', 'macro@qq.com', 'macro', 'macro专用', '2019-10-06 15:53:51', '2020-02-03 14:55:55', 1);
INSERT INTO `ums_admin` VALUES (6, 'productAdmin', '$2a$10$6/.J.p.6Bhn7ic4GfoB5D.pGd7xSiD1a9M6ht6yO0fxzlKJPjRAGm', NULL, 'product@qq.com', '商品管理员', '只有商品权限', '2020-02-07 16:15:08', NULL, 1);
INSERT INTO `ums_admin` VALUES (7, 'orderAdmin', '$2a$10$UqEhA9UZXjHHA3B.L9wNG.6aerrBjC6WHTtbv1FdvYPUI.7lkL6E.', NULL, 'order@qq.com', '订单管理员', '只有订单管理权限', '2020-02-07 16:15:50', NULL, 1);
INSERT INTO `ums_admin` VALUES (22, '12564847122', '$2a$10$QbE9dh2QUyd8Ms6V2BULEehUH/6h0IrMAiaHWjspL5evR0IXsXZSK', NULL, NULL, NULL, NULL, '2021-03-04 17:26:42', NULL, 1);
INSERT INTO `ums_admin` VALUES (23, '13074107110', '$2a$10$GYWhcroyIpCBa2whtNynpuyTeHmqYccrIOPcbavEkLr5QrohqxIIe', NULL, NULL, NULL, NULL, '2021-03-08 11:24:38', NULL, 1);
INSERT INTO `ums_admin` VALUES (24, '13871287410', '$2a$10$sZ0tyDWK7ud/yaf7a3anSuquXRSxxpEva6y/oGrv69YU4iSFWbuq6', NULL, NULL, NULL, NULL, '2021-03-08 11:45:47', NULL, 1);
INSERT INTO `ums_admin` VALUES (25, '18446354513', '$2a$10$.fsGW/p.O5waa0In0TzJNu3dTxJSVpGLyzwQWMklsl5UoXOCz/isS', NULL, NULL, NULL, NULL, '2021-03-08 15:29:08', NULL, 1);

-- ----------------------------
-- Table structure for ums_admin_login_log
-- ----------------------------
DROP TABLE IF EXISTS `ums_admin_login_log`;
CREATE TABLE `ums_admin_login_log`  (
                                        `id` bigint(20) NOT NULL AUTO_INCREMENT,
                                        `admin_id` bigint(20) NULL DEFAULT NULL COMMENT '用户id',
                                        `ip` varchar(64) CHARACTER SET utf8 COLLATE utf8_general_ci NULL DEFAULT NULL COMMENT '用户ip地址',
                                        `address` varchar(100) CHARACTER SET utf8 COLLATE utf8_general_ci NULL DEFAULT NULL COMMENT '用户登录地址',
                                        `user_agent` varchar(100) CHARACTER SET utf8 COLLATE utf8_general_ci NULL DEFAULT NULL COMMENT '浏览器登录类型',
                                        `create_time` datetime NULL DEFAULT NULL COMMENT '创建时间',
                                        PRIMARY KEY (`id`) USING BTREE
) ENGINE = InnoDB AUTO_INCREMENT = 510 CHARACTER SET = utf8 COLLATE = utf8_general_ci COMMENT = '后台用户登录日志表' ROW_FORMAT = DYNAMIC;

-- ----------------------------
-- Records of ums_admin_login_log
-- ----------------------------
INSERT INTO `ums_admin_login_log` VALUES (285, 3, '0:0:0:0:0:0:0:1', NULL, NULL, '2020-08-24 14:05:21');
INSERT INTO `ums_admin_login_log` VALUES (286, 10, '0:0:0:0:0:0:0:1', NULL, NULL, '2020-08-24 14:05:39');
INSERT INTO `ums_admin_login_log` VALUES (287, 3, '0:0:0:0:0:0:0:1', NULL, NULL, '2021-01-07 15:28:59');
INSERT INTO `ums_admin_login_log` VALUES (288, 3, '0:0:0:0:0:0:0:1', NULL, NULL, '2021-01-07 16:51:22');
INSERT INTO `ums_admin_login_log` VALUES (289, 3, '0:0:0:0:0:0:0:1', NULL, NULL, '2021-01-08 11:31:41');
INSERT INTO `ums_admin_login_log` VALUES (290, 3, '0:0:0:0:0:0:0:1', NULL, NULL, '2021-02-01 14:19:19');
INSERT INTO `ums_admin_login_log` VALUES (291, 3, '0:0:0:0:0:0:0:1', NULL, NULL, '2021-02-01 14:21:00');
INSERT INTO `ums_admin_login_log` VALUES (292, 3, '0:0:0:0:0:0:0:1', NULL, NULL, '2021-02-01 14:29:52');
INSERT INTO `ums_admin_login_log` VALUES (293, 3, '0:0:0:0:0:0:0:1', NULL, NULL, '2021-02-01 14:44:34');
INSERT INTO `ums_admin_login_log` VALUES (294, 3, '0:0:0:0:0:0:0:1', NULL, NULL, '2021-02-01 14:49:20');
INSERT INTO `ums_admin_login_log` VALUES (295, 3, '0:0:0:0:0:0:0:1', NULL, NULL, '2021-02-01 14:50:15');
INSERT INTO `ums_admin_login_log` VALUES (296, 3, '0:0:0:0:0:0:0:1', NULL, NULL, '2021-02-01 14:51:47');
INSERT INTO `ums_admin_login_log` VALUES (297, 3, '0:0:0:0:0:0:0:1', NULL, NULL, '2021-02-01 14:52:09');
INSERT INTO `ums_admin_login_log` VALUES (298, 3, '0:0:0:0:0:0:0:1', NULL, NULL, '2021-02-01 14:53:05');
INSERT INTO `ums_admin_login_log` VALUES (299, 3, '0:0:0:0:0:0:0:1', NULL, NULL, '2021-02-01 14:54:08');
INSERT INTO `ums_admin_login_log` VALUES (300, 10, '0:0:0:0:0:0:0:1', NULL, NULL, '2021-02-01 15:20:04');
INSERT INTO `ums_admin_login_log` VALUES (301, 3, '0:0:0:0:0:0:0:1', NULL, NULL, '2021-02-01 15:20:37');
INSERT INTO `ums_admin_login_log` VALUES (302, 3, '0:0:0:0:0:0:0:1', NULL, NULL, '2021-02-01 15:56:02');
INSERT INTO `ums_admin_login_log` VALUES (303, 10, '0:0:0:0:0:0:0:1', NULL, NULL, '2021-02-01 16:04:39');
INSERT INTO `ums_admin_login_log` VALUES (304, 10, '0:0:0:0:0:0:0:1', NULL, NULL, '2021-02-01 16:09:20');
INSERT INTO `ums_admin_login_log` VALUES (305, 3, '0:0:0:0:0:0:0:1', NULL, NULL, '2021-02-01 16:34:04');
INSERT INTO `ums_admin_login_log` VALUES (306, 3, '0:0:0:0:0:0:0:1', NULL, NULL, '2021-02-01 16:35:26');
INSERT INTO `ums_admin_login_log` VALUES (307, 3, '0:0:0:0:0:0:0:1', NULL, NULL, '2021-02-01 16:45:02');
INSERT INTO `ums_admin_login_log` VALUES (308, 10, '0:0:0:0:0:0:0:1', NULL, NULL, '2021-02-01 16:45:40');
INSERT INTO `ums_admin_login_log` VALUES (309, 10, '0:0:0:0:0:0:0:1', NULL, NULL, '2021-02-01 16:46:39');
INSERT INTO `ums_admin_login_log` VALUES (310, 3, '0:0:0:0:0:0:0:1', NULL, NULL, '2021-02-01 16:47:11');
INSERT INTO `ums_admin_login_log` VALUES (311, 3, '0:0:0:0:0:0:0:1', NULL, NULL, '2021-02-01 17:23:47');
INSERT INTO `ums_admin_login_log` VALUES (312, 3, '192.168.1.61', NULL, NULL, '2021-02-01 18:17:13');
INSERT INTO `ums_admin_login_log` VALUES (313, 3, '192.168.1.61', NULL, NULL, '2021-02-02 09:34:08');
INSERT INTO `ums_admin_login_log` VALUES (314, 3, '0:0:0:0:0:0:0:1', NULL, NULL, '2021-02-02 09:42:07');
INSERT INTO `ums_admin_login_log` VALUES (315, 3, '192.168.1.61', NULL, NULL, '2021-02-02 15:11:06');
INSERT INTO `ums_admin_login_log` VALUES (316, 10, '0:0:0:0:0:0:0:1', NULL, NULL, '2021-02-02 16:27:34');
INSERT INTO `ums_admin_login_log` VALUES (317, 3, '192.168.1.61', NULL, NULL, '2021-02-02 16:38:52');
INSERT INTO `ums_admin_login_log` VALUES (318, 3, '192.168.1.86', NULL, NULL, '2021-02-02 16:39:09');
INSERT INTO `ums_admin_login_log` VALUES (319, 3, '192.168.1.250', NULL, NULL, '2021-02-02 16:40:57');
INSERT INTO `ums_admin_login_log` VALUES (320, 3, '192.168.1.250', NULL, NULL, '2021-02-02 17:53:19');
INSERT INTO `ums_admin_login_log` VALUES (321, 3, '192.168.1.61', NULL, NULL, '2021-02-03 09:09:31');
INSERT INTO `ums_admin_login_log` VALUES (322, 3, '192.168.1.250', NULL, NULL, '2021-02-03 09:24:15');
INSERT INTO `ums_admin_login_log` VALUES (323, 3, '192.168.1.86', NULL, NULL, '2021-02-03 09:37:57');
INSERT INTO `ums_admin_login_log` VALUES (324, 3, '192.168.1.86', NULL, NULL, '2021-02-03 13:46:27');
INSERT INTO `ums_admin_login_log` VALUES (325, 3, '192.168.1.250', NULL, NULL, '2021-02-03 15:00:50');
INSERT INTO `ums_admin_login_log` VALUES (326, 3, '192.168.1.61', NULL, NULL, '2021-02-03 16:56:58');
INSERT INTO `ums_admin_login_log` VALUES (327, 3, '192.168.1.250', NULL, NULL, '2021-02-03 18:17:07');
INSERT INTO `ums_admin_login_log` VALUES (328, 3, '192.168.1.87', NULL, NULL, '2021-02-04 09:24:18');
INSERT INTO `ums_admin_login_log` VALUES (329, 3, '192.168.1.87', NULL, NULL, '2021-02-04 11:37:10');
INSERT INTO `ums_admin_login_log` VALUES (330, 3, '192.168.1.87', NULL, NULL, '2021-02-04 14:16:09');
INSERT INTO `ums_admin_login_log` VALUES (331, 3, '192.168.1.87', NULL, NULL, '2021-02-04 17:29:34');
INSERT INTO `ums_admin_login_log` VALUES (332, 3, '192.168.1.87', NULL, NULL, '2021-02-05 09:21:34');
INSERT INTO `ums_admin_login_log` VALUES (333, 3, '192.168.1.87', NULL, NULL, '2021-02-06 09:24:17');
INSERT INTO `ums_admin_login_log` VALUES (334, 3, '192.168.1.87', NULL, NULL, '2021-02-06 13:35:20');
INSERT INTO `ums_admin_login_log` VALUES (335, 3, '192.168.1.87', NULL, NULL, '2021-02-18 09:15:04');
INSERT INTO `ums_admin_login_log` VALUES (336, 3, '192.168.1.86', NULL, NULL, '2021-02-18 09:32:32');
INSERT INTO `ums_admin_login_log` VALUES (337, 3, '192.168.1.87', NULL, NULL, '2021-02-18 09:44:53');
INSERT INTO `ums_admin_login_log` VALUES (338, 3, '192.168.1.86', NULL, NULL, '2021-02-18 09:55:46');
INSERT INTO `ums_admin_login_log` VALUES (339, 3, '192.168.1.87', NULL, NULL, '2021-02-18 10:04:41');
INSERT INTO `ums_admin_login_log` VALUES (340, 3, '192.168.1.87', NULL, NULL, '2021-02-18 13:35:48');
INSERT INTO `ums_admin_login_log` VALUES (341, 3, '192.168.1.86', NULL, NULL, '2021-02-18 13:42:52');
INSERT INTO `ums_admin_login_log` VALUES (342, 3, '192.168.1.87', NULL, NULL, '2021-02-18 16:08:12');
INSERT INTO `ums_admin_login_log` VALUES (343, 3, '192.168.1.87', NULL, NULL, '2021-02-19 09:11:11');
INSERT INTO `ums_admin_login_log` VALUES (344, 3, '192.168.1.86', NULL, NULL, '2021-02-19 09:21:31');
INSERT INTO `ums_admin_login_log` VALUES (345, 3, '192.168.1.87', NULL, NULL, '2021-02-19 11:31:26');
INSERT INTO `ums_admin_login_log` VALUES (346, 3, '192.168.1.87', NULL, NULL, '2021-02-20 09:04:50');
INSERT INTO `ums_admin_login_log` VALUES (347, 3, '192.168.1.86', NULL, NULL, '2021-02-20 11:12:32');
INSERT INTO `ums_admin_login_log` VALUES (348, 3, '192.168.1.86', NULL, NULL, '2021-02-20 16:20:48');
INSERT INTO `ums_admin_login_log` VALUES (349, 3, '192.168.1.87', NULL, NULL, '2021-02-22 09:06:29');
INSERT INTO `ums_admin_login_log` VALUES (350, 3, '192.168.1.86', NULL, NULL, '2021-02-22 09:19:03');
INSERT INTO `ums_admin_login_log` VALUES (351, 3, '192.168.1.87', NULL, NULL, '2021-02-22 10:31:59');
INSERT INTO `ums_admin_login_log` VALUES (352, 3, '192.168.1.86', NULL, NULL, '2021-02-22 13:35:07');
INSERT INTO `ums_admin_login_log` VALUES (353, 3, '192.168.1.86', NULL, NULL, '2021-02-22 19:39:34');
INSERT INTO `ums_admin_login_log` VALUES (354, 3, '192.168.1.87', NULL, NULL, '2021-02-23 09:05:49');
INSERT INTO `ums_admin_login_log` VALUES (355, 3, '192.168.1.86', NULL, NULL, '2021-02-23 09:06:13');
INSERT INTO `ums_admin_login_log` VALUES (356, 3, '192.168.1.86', NULL, NULL, '2021-02-23 13:31:38');
INSERT INTO `ums_admin_login_log` VALUES (357, 3, '192.168.1.87', NULL, NULL, '2021-02-24 09:11:24');
INSERT INTO `ums_admin_login_log` VALUES (358, 3, '192.168.1.86', NULL, NULL, '2021-02-24 15:35:42');
INSERT INTO `ums_admin_login_log` VALUES (359, 3, '192.168.1.87', NULL, NULL, '2021-02-25 09:11:34');
INSERT INTO `ums_admin_login_log` VALUES (360, 3, '192.168.1.86', NULL, NULL, '2021-02-25 18:06:13');
INSERT INTO `ums_admin_login_log` VALUES (361, 3, '192.168.1.87', NULL, NULL, '2021-02-26 09:14:48');
INSERT INTO `ums_admin_login_log` VALUES (362, 3, '192.168.1.87', NULL, NULL, '2021-03-01 09:49:43');
INSERT INTO `ums_admin_login_log` VALUES (363, 3, '192.168.1.86', NULL, NULL, '2021-03-01 10:08:44');
INSERT INTO `ums_admin_login_log` VALUES (364, 3, '192.168.1.86', NULL, NULL, '2021-03-01 13:35:06');
INSERT INTO `ums_admin_login_log` VALUES (365, 3, '192.168.1.86', NULL, NULL, '2021-03-01 14:43:46');
INSERT INTO `ums_admin_login_log` VALUES (366, 3, '192.168.1.60', NULL, NULL, '2021-03-01 14:43:49');
INSERT INTO `ums_admin_login_log` VALUES (367, 3, '192.168.1.87', NULL, NULL, '2021-03-01 14:43:50');
INSERT INTO `ums_admin_login_log` VALUES (368, 3, '192.168.1.87', NULL, NULL, '2021-03-01 15:45:53');
INSERT INTO `ums_admin_login_log` VALUES (369, 3, '192.168.1.250', NULL, NULL, '2021-03-01 17:16:12');
INSERT INTO `ums_admin_login_log` VALUES (370, 3, '192.168.1.56', NULL, NULL, '2021-03-01 17:27:16');
INSERT INTO `ums_admin_login_log` VALUES (371, 3, '192.168.1.87', NULL, NULL, '2021-03-02 09:19:45');
INSERT INTO `ums_admin_login_log` VALUES (372, 3, '192.168.1.91', NULL, NULL, '2021-03-02 09:21:11');
INSERT INTO `ums_admin_login_log` VALUES (373, 3, '192.168.1.86', NULL, NULL, '2021-03-02 09:29:32');
INSERT INTO `ums_admin_login_log` VALUES (374, 3, '192.168.1.250', NULL, NULL, '2021-03-02 13:45:26');
INSERT INTO `ums_admin_login_log` VALUES (375, 3, '192.168.1.86', NULL, NULL, '2021-03-02 17:02:15');
INSERT INTO `ums_admin_login_log` VALUES (376, 3, '192.168.1.87', NULL, NULL, '2021-03-03 09:05:13');
INSERT INTO `ums_admin_login_log` VALUES (377, 3, '192.168.1.86', NULL, NULL, '2021-03-03 09:19:05');
INSERT INTO `ums_admin_login_log` VALUES (378, 3, '192.168.1.250', NULL, NULL, '2021-03-03 10:15:42');
INSERT INTO `ums_admin_login_log` VALUES (379, 3, '192.168.1.56', NULL, NULL, '2021-03-03 11:25:24');
INSERT INTO `ums_admin_login_log` VALUES (380, 3, '192.168.1.87', NULL, NULL, '2021-03-03 11:47:58');
INSERT INTO `ums_admin_login_log` VALUES (381, 3, '192.168.1.87', NULL, NULL, '2021-03-03 12:02:33');
INSERT INTO `ums_admin_login_log` VALUES (382, 3, '192.168.1.86', NULL, NULL, '2021-03-03 13:31:04');
INSERT INTO `ums_admin_login_log` VALUES (383, 3, '192.168.1.56', NULL, NULL, '2021-03-03 13:32:08');
INSERT INTO `ums_admin_login_log` VALUES (384, 3, '192.168.1.86', NULL, NULL, '2021-03-03 19:18:35');
INSERT INTO `ums_admin_login_log` VALUES (385, 3, '192.168.1.87', NULL, NULL, '2021-03-04 09:15:51');
INSERT INTO `ums_admin_login_log` VALUES (386, 3, '192.168.1.86', NULL, NULL, '2021-03-04 09:25:08');
INSERT INTO `ums_admin_login_log` VALUES (387, 3, '192.168.1.86', NULL, NULL, '2021-03-04 13:54:28');
INSERT INTO `ums_admin_login_log` VALUES (388, 3, '192.168.1.86', NULL, NULL, '2021-03-04 17:11:41');
INSERT INTO `ums_admin_login_log` VALUES (389, 3, '192.168.1.86', NULL, NULL, '2021-03-04 17:12:15');
INSERT INTO `ums_admin_login_log` VALUES (390, 3, '192.168.1.86', NULL, NULL, '2021-03-04 17:12:25');
INSERT INTO `ums_admin_login_log` VALUES (391, 3, '192.168.1.86', NULL, NULL, '2021-03-04 17:19:22');
INSERT INTO `ums_admin_login_log` VALUES (392, 3, '192.168.1.86', NULL, NULL, '2021-03-05 09:03:55');
INSERT INTO `ums_admin_login_log` VALUES (393, 3, '192.168.1.87', NULL, NULL, '2021-03-05 09:07:04');
INSERT INTO `ums_admin_login_log` VALUES (394, 3, '192.168.1.86', NULL, NULL, '2021-03-05 09:09:02');
INSERT INTO `ums_admin_login_log` VALUES (395, 3, '192.168.1.86', NULL, NULL, '2021-03-05 09:19:18');
INSERT INTO `ums_admin_login_log` VALUES (396, 3, '192.168.1.86', NULL, NULL, '2021-03-05 10:09:49');
INSERT INTO `ums_admin_login_log` VALUES (397, 3, '192.168.1.86', NULL, NULL, '2021-03-05 10:10:05');
INSERT INTO `ums_admin_login_log` VALUES (398, 3, '192.168.1.87', NULL, NULL, '2021-03-05 10:11:23');
INSERT INTO `ums_admin_login_log` VALUES (399, 3, '192.168.1.87', NULL, NULL, '2021-03-05 10:50:30');
INSERT INTO `ums_admin_login_log` VALUES (400, 3, '192.168.1.87', NULL, NULL, '2021-03-05 11:21:35');
INSERT INTO `ums_admin_login_log` VALUES (401, 22, '192.168.1.87', NULL, NULL, '2021-03-05 11:30:04');
INSERT INTO `ums_admin_login_log` VALUES (402, 22, '192.168.1.87', NULL, NULL, '2021-03-05 11:30:23');
INSERT INTO `ums_admin_login_log` VALUES (403, 22, '192.168.1.87', NULL, NULL, '2021-03-05 11:30:28');
INSERT INTO `ums_admin_login_log` VALUES (404, 22, '192.168.1.87', NULL, NULL, '2021-03-05 11:33:13');
INSERT INTO `ums_admin_login_log` VALUES (405, 22, '192.168.1.87', NULL, NULL, '2021-03-05 11:33:17');
INSERT INTO `ums_admin_login_log` VALUES (406, 3, '192.168.1.87', NULL, NULL, '2021-03-05 11:33:21');
INSERT INTO `ums_admin_login_log` VALUES (407, 3, '192.168.1.87', NULL, NULL, '2021-03-05 11:58:12');
INSERT INTO `ums_admin_login_log` VALUES (408, 22, '192.168.1.87', NULL, NULL, '2021-03-05 11:58:48');
INSERT INTO `ums_admin_login_log` VALUES (409, 22, '192.168.1.87', NULL, NULL, '2021-03-05 11:58:54');
INSERT INTO `ums_admin_login_log` VALUES (410, 3, '192.168.1.87', NULL, NULL, '2021-03-05 11:59:52');
INSERT INTO `ums_admin_login_log` VALUES (411, 22, '192.168.1.87', NULL, NULL, '2021-03-05 11:59:56');
INSERT INTO `ums_admin_login_log` VALUES (412, 22, '192.168.1.87', NULL, NULL, '2021-03-05 12:00:05');
INSERT INTO `ums_admin_login_log` VALUES (413, 22, '192.168.1.87', NULL, NULL, '2021-03-05 12:00:11');
INSERT INTO `ums_admin_login_log` VALUES (414, 3, '192.168.1.87', NULL, NULL, '2021-03-05 12:01:21');
INSERT INTO `ums_admin_login_log` VALUES (415, 22, '192.168.1.87', NULL, NULL, '2021-03-05 12:05:28');
INSERT INTO `ums_admin_login_log` VALUES (416, 3, '192.168.1.87', NULL, NULL, '2021-03-05 12:07:12');
INSERT INTO `ums_admin_login_log` VALUES (417, 3, '192.168.1.87', NULL, NULL, '2021-03-05 12:10:30');
INSERT INTO `ums_admin_login_log` VALUES (418, 22, '192.168.1.87', NULL, NULL, '2021-03-05 12:13:13');
INSERT INTO `ums_admin_login_log` VALUES (419, 22, '192.168.1.87', NULL, NULL, '2021-03-05 12:15:00');
INSERT INTO `ums_admin_login_log` VALUES (420, 3, '192.168.1.87', NULL, NULL, '2021-03-05 13:33:10');
INSERT INTO `ums_admin_login_log` VALUES (421, 3, '192.168.1.250', NULL, NULL, '2021-03-05 13:36:10');
INSERT INTO `ums_admin_login_log` VALUES (422, 22, '192.168.1.86', NULL, NULL, '2021-03-05 13:53:56');
INSERT INTO `ums_admin_login_log` VALUES (423, 3, '192.168.1.86', NULL, NULL, '2021-03-05 14:00:24');
INSERT INTO `ums_admin_login_log` VALUES (424, 22, '192.168.1.86', NULL, NULL, '2021-03-05 15:07:51');
INSERT INTO `ums_admin_login_log` VALUES (425, 22, '192.168.1.86', NULL, NULL, '2021-03-06 09:13:29');
INSERT INTO `ums_admin_login_log` VALUES (426, 3, '192.168.1.86', NULL, NULL, '2021-03-06 09:22:34');
INSERT INTO `ums_admin_login_log` VALUES (427, 3, '192.168.1.87', NULL, NULL, '2021-03-06 09:47:58');
INSERT INTO `ums_admin_login_log` VALUES (428, 3, '192.168.1.250', NULL, NULL, '2021-03-06 09:51:24');
INSERT INTO `ums_admin_login_log` VALUES (429, 3, '192.168.1.250', NULL, NULL, '2021-03-06 09:52:09');
INSERT INTO `ums_admin_login_log` VALUES (430, 3, '192.168.1.87', NULL, NULL, '2021-03-06 10:12:33');
INSERT INTO `ums_admin_login_log` VALUES (431, 3, '192.168.1.87', NULL, NULL, '2021-03-06 10:19:28');
INSERT INTO `ums_admin_login_log` VALUES (432, 3, '192.168.1.60', NULL, NULL, '2021-03-06 14:03:54');
INSERT INTO `ums_admin_login_log` VALUES (433, 3, '192.168.1.87', NULL, NULL, '2021-03-08 09:12:08');
INSERT INTO `ums_admin_login_log` VALUES (434, 3, '192.168.1.86', NULL, NULL, '2021-03-08 09:20:05');
INSERT INTO `ums_admin_login_log` VALUES (435, 3, '192.168.1.86', NULL, NULL, '2021-03-08 15:22:27');
INSERT INTO `ums_admin_login_log` VALUES (436, 23, '192.168.1.86', NULL, NULL, '2021-03-08 16:08:43');
INSERT INTO `ums_admin_login_log` VALUES (437, 3, '192.168.1.91', NULL, NULL, '2021-03-08 16:55:54');
INSERT INTO `ums_admin_login_log` VALUES (438, 3, '192.168.1.250', NULL, NULL, '2021-03-08 17:18:24');
INSERT INTO `ums_admin_login_log` VALUES (439, 3, '192.168.1.86', NULL, NULL, '2021-03-08 17:24:17');
INSERT INTO `ums_admin_login_log` VALUES (440, 23, '192.168.1.250', NULL, NULL, '2021-03-08 17:35:24');
INSERT INTO `ums_admin_login_log` VALUES (441, 3, '192.168.1.87', NULL, NULL, '2021-03-08 18:32:04');
INSERT INTO `ums_admin_login_log` VALUES (442, 3, '192.168.1.86', NULL, NULL, '2021-03-08 19:33:52');
INSERT INTO `ums_admin_login_log` VALUES (443, 3, '192.168.1.87', NULL, NULL, '2021-03-09 09:07:11');
INSERT INTO `ums_admin_login_log` VALUES (444, 3, '192.168.1.86', NULL, NULL, '2021-03-09 09:17:49');
INSERT INTO `ums_admin_login_log` VALUES (445, 23, '192.168.1.250', NULL, NULL, '2021-03-09 09:29:04');
INSERT INTO `ums_admin_login_log` VALUES (446, 3, '192.168.1.250', NULL, NULL, '2021-03-09 09:29:17');
INSERT INTO `ums_admin_login_log` VALUES (447, 3, '192.168.1.250', NULL, NULL, '2021-03-09 09:35:54');
INSERT INTO `ums_admin_login_log` VALUES (448, 22, '192.168.1.87', NULL, NULL, '2021-03-09 09:54:29');
INSERT INTO `ums_admin_login_log` VALUES (449, 3, '192.168.1.250', NULL, NULL, '2021-03-09 09:57:17');
INSERT INTO `ums_admin_login_log` VALUES (450, 3, '192.168.1.87', NULL, NULL, '2021-03-09 10:11:45');
INSERT INTO `ums_admin_login_log` VALUES (451, 3, '192.168.1.250', NULL, NULL, '2021-03-09 10:35:55');
INSERT INTO `ums_admin_login_log` VALUES (452, 3, '192.168.1.87', NULL, NULL, '2021-03-09 11:16:54');
INSERT INTO `ums_admin_login_log` VALUES (453, 22, '192.168.1.87', NULL, NULL, '2021-03-09 11:33:16');
INSERT INTO `ums_admin_login_log` VALUES (454, 3, '192.168.1.86', NULL, NULL, '2021-03-09 13:35:34');
INSERT INTO `ums_admin_login_log` VALUES (455, 22, '192.168.1.87', NULL, NULL, '2021-03-09 13:58:26');
INSERT INTO `ums_admin_login_log` VALUES (456, 3, '192.168.1.87', NULL, NULL, '2021-03-10 09:24:28');
INSERT INTO `ums_admin_login_log` VALUES (457, 22, '192.168.1.87', NULL, NULL, '2021-03-10 09:26:15');
INSERT INTO `ums_admin_login_log` VALUES (458, 3, '192.168.1.86', NULL, NULL, '2021-03-10 09:29:14');
INSERT INTO `ums_admin_login_log` VALUES (459, 22, '192.168.1.87', NULL, NULL, '2021-03-10 09:41:47');
INSERT INTO `ums_admin_login_log` VALUES (460, 3, '192.168.1.250', NULL, NULL, '2021-03-10 10:45:27');
INSERT INTO `ums_admin_login_log` VALUES (461, 3, '192.168.1.56', NULL, NULL, '2021-03-10 10:49:07');
INSERT INTO `ums_admin_login_log` VALUES (462, 3, '192.168.1.87', NULL, NULL, '2021-03-10 16:22:46');
INSERT INTO `ums_admin_login_log` VALUES (463, 3, '192.168.1.87', NULL, NULL, '2021-03-10 16:29:38');
INSERT INTO `ums_admin_login_log` VALUES (464, 24, '192.168.1.86', NULL, NULL, '2021-03-10 19:05:07');
INSERT INTO `ums_admin_login_log` VALUES (465, 1, '192.168.1.250', NULL, NULL, '2021-03-10 19:18:31');
INSERT INTO `ums_admin_login_log` VALUES (466, 3, '192.168.1.86', NULL, NULL, '2021-03-10 19:19:27');
INSERT INTO `ums_admin_login_log` VALUES (467, 3, '192.168.1.250', NULL, NULL, '2021-03-10 19:23:54');
INSERT INTO `ums_admin_login_log` VALUES (468, 22, '192.168.1.87', NULL, NULL, '2021-03-10 19:34:55');
INSERT INTO `ums_admin_login_log` VALUES (469, 3, '192.168.1.87', NULL, NULL, '2021-03-11 09:14:41');
INSERT INTO `ums_admin_login_log` VALUES (470, 23, '192.168.1.250', NULL, NULL, '2021-03-11 09:19:19');
INSERT INTO `ums_admin_login_log` VALUES (471, 3, '192.168.1.250', NULL, NULL, '2021-03-11 09:27:10');
INSERT INTO `ums_admin_login_log` VALUES (472, 22, '192.168.1.87', NULL, NULL, '2021-03-11 09:44:12');
INSERT INTO `ums_admin_login_log` VALUES (473, 3, '192.168.1.87', NULL, NULL, '2021-03-11 10:20:11');
INSERT INTO `ums_admin_login_log` VALUES (474, 23, '192.168.1.87', NULL, NULL, '2021-03-11 10:27:26');
INSERT INTO `ums_admin_login_log` VALUES (475, 23, '192.168.1.87', NULL, NULL, '2021-03-11 13:30:38');
INSERT INTO `ums_admin_login_log` VALUES (476, 23, '192.168.1.87', NULL, NULL, '2021-03-11 13:36:30');
INSERT INTO `ums_admin_login_log` VALUES (477, 3, '192.168.1.250', NULL, NULL, '2021-03-11 17:40:05');
INSERT INTO `ums_admin_login_log` VALUES (478, 3, '192.168.1.250', NULL, NULL, '2021-03-12 09:07:18');
INSERT INTO `ums_admin_login_log` VALUES (479, 3, '192.168.1.86', NULL, NULL, '2021-03-12 09:16:49');
INSERT INTO `ums_admin_login_log` VALUES (480, 3, '192.168.1.87', NULL, NULL, '2021-03-12 09:34:55');
INSERT INTO `ums_admin_login_log` VALUES (481, 3, '192.168.1.87', NULL, NULL, '2021-03-12 10:03:28');
INSERT INTO `ums_admin_login_log` VALUES (482, 3, '192.168.1.86', NULL, NULL, '2021-03-12 15:26:32');
INSERT INTO `ums_admin_login_log` VALUES (483, 3, '192.168.1.87', NULL, NULL, '2021-03-13 09:34:18');
INSERT INTO `ums_admin_login_log` VALUES (484, 3, '192.168.1.87', NULL, NULL, '2021-03-13 16:25:28');
INSERT INTO `ums_admin_login_log` VALUES (485, 3, '192.168.1.87', NULL, NULL, '2021-03-15 09:12:54');
INSERT INTO `ums_admin_login_log` VALUES (486, 3, '192.168.1.250', NULL, NULL, '2021-03-15 09:28:34');
INSERT INTO `ums_admin_login_log` VALUES (487, 3, '192.168.1.65', NULL, NULL, '2021-03-15 13:32:16');
INSERT INTO `ums_admin_login_log` VALUES (488, 3, '192.168.1.56', NULL, NULL, '2021-03-15 13:41:10');
INSERT INTO `ums_admin_login_log` VALUES (489, 3, '192.168.1.65', NULL, NULL, '2021-03-15 14:11:26');
INSERT INTO `ums_admin_login_log` VALUES (490, 3, '192.168.1.87', NULL, NULL, '2021-03-15 15:58:26');
INSERT INTO `ums_admin_login_log` VALUES (491, 3, '192.168.1.86', NULL, NULL, '2021-03-15 16:58:10');
INSERT INTO `ums_admin_login_log` VALUES (492, 3, '127.0.0.1', NULL, NULL, '2021-03-15 17:18:23');
INSERT INTO `ums_admin_login_log` VALUES (493, 3, '127.0.0.1', NULL, NULL, '2021-03-15 18:16:00');
INSERT INTO `ums_admin_login_log` VALUES (494, 3, '127.0.0.1', NULL, NULL, '2021-03-15 18:41:25');
INSERT INTO `ums_admin_login_log` VALUES (495, 3, '192.168.1.87', NULL, NULL, '2021-03-16 09:08:31');
INSERT INTO `ums_admin_login_log` VALUES (496, 3, '127.0.0.1', NULL, NULL, '2021-03-16 09:15:59');
INSERT INTO `ums_admin_login_log` VALUES (497, 3, '192.168.1.250', NULL, NULL, '2021-03-16 12:13:00');
INSERT INTO `ums_admin_login_log` VALUES (498, 3, '192.168.1.86', NULL, NULL, '2021-03-16 17:16:35');
INSERT INTO `ums_admin_login_log` VALUES (499, 3, '192.168.1.87', NULL, NULL, '2021-03-17 09:11:28');
INSERT INTO `ums_admin_login_log` VALUES (500, 3, '192.168.1.86', NULL, NULL, '2021-03-17 11:09:26');
INSERT INTO `ums_admin_login_log` VALUES (501, 3, '192.168.1.87', NULL, NULL, '2021-03-18 09:10:21');
INSERT INTO `ums_admin_login_log` VALUES (502, 3, '192.168.1.86', NULL, NULL, '2021-03-18 09:33:40');
INSERT INTO `ums_admin_login_log` VALUES (503, 3, '192.168.1.87', NULL, NULL, '2021-03-19 13:36:34');
INSERT INTO `ums_admin_login_log` VALUES (504, 3, '192.168.1.74', NULL, NULL, '2021-03-19 14:01:35');
INSERT INTO `ums_admin_login_log` VALUES (505, 3, '192.168.1.250', NULL, NULL, '2021-03-19 16:56:45');
INSERT INTO `ums_admin_login_log` VALUES (506, 3, '192.168.1.250', NULL, NULL, '2021-03-20 10:17:45');
INSERT INTO `ums_admin_login_log` VALUES (507, 3, '192.168.1.87', NULL, NULL, '2021-03-20 10:52:33');
INSERT INTO `ums_admin_login_log` VALUES (508, 3, '192.168.1.87', NULL, NULL, '2021-03-20 11:58:20');
INSERT INTO `ums_admin_login_log` VALUES (509, 3, '192.168.1.86', NULL, NULL, '2021-03-20 17:08:07');

-- ----------------------------
-- Table structure for ums_admin_role_relation
-- ----------------------------
DROP TABLE IF EXISTS `ums_admin_role_relation`;
CREATE TABLE `ums_admin_role_relation`  (
                                            `id` bigint(20) NOT NULL AUTO_INCREMENT,
                                            `admin_id` bigint(20) NOT NULL COMMENT '用户id',
                                            `role_id` bigint(20) NOT NULL COMMENT '角色id',
                                            PRIMARY KEY (`id`) USING BTREE,
                                            INDEX `admin_id`(`admin_id`) USING BTREE,
                                            INDEX `role_id`(`role_id`) USING BTREE
) ENGINE = InnoDB AUTO_INCREMENT = 49 CHARACTER SET = utf8 COLLATE = utf8_general_ci COMMENT = '后台用户和角色关系表' ROW_FORMAT = DYNAMIC;

-- ----------------------------
-- Records of ums_admin_role_relation
-- ----------------------------
INSERT INTO `ums_admin_role_relation` VALUES (26, 3, 5);
INSERT INTO `ums_admin_role_relation` VALUES (27, 6, 1);
INSERT INTO `ums_admin_role_relation` VALUES (28, 7, 2);
INSERT INTO `ums_admin_role_relation` VALUES (30, 4, 5);
INSERT INTO `ums_admin_role_relation` VALUES (31, 8, 5);
INSERT INTO `ums_admin_role_relation` VALUES (34, 12, 6);
INSERT INTO `ums_admin_role_relation` VALUES (38, 13, 5);
INSERT INTO `ums_admin_role_relation` VALUES (40, 1, 5);
INSERT INTO `ums_admin_role_relation` VALUES (41, 1, 2);
INSERT INTO `ums_admin_role_relation` VALUES (42, 1, 1);
INSERT INTO `ums_admin_role_relation` VALUES (43, 10, 8);
INSERT INTO `ums_admin_role_relation` VALUES (45, 22, 9);
INSERT INTO `ums_admin_role_relation` VALUES (46, 23, 9);
INSERT INTO `ums_admin_role_relation` VALUES (47, 24, 9);
INSERT INTO `ums_admin_role_relation` VALUES (48, 25, 9);

-- ----------------------------
-- Table structure for ums_menu
-- ----------------------------
DROP TABLE IF EXISTS `ums_menu`;
CREATE TABLE `ums_menu`  (
                             `id` bigint(20) NOT NULL AUTO_INCREMENT,
                             `parent_id` bigint(20) NULL DEFAULT NULL COMMENT '父级ID',
                             `create_time` datetime NULL DEFAULT NULL COMMENT '创建时间',
                             `title` varchar(100) CHARACTER SET utf8 COLLATE utf8_general_ci NULL DEFAULT NULL COMMENT '菜单名称',
                             `level` int(4) NULL DEFAULT NULL COMMENT '菜单级数',
                             `sort` int(4) NULL DEFAULT NULL COMMENT '菜单排序',
                             `name` varchar(100) CHARACTER SET utf8 COLLATE utf8_general_ci NULL DEFAULT NULL COMMENT '前端名称',
                             `icon` varchar(200) CHARACTER SET utf8 COLLATE utf8_general_ci NULL DEFAULT NULL COMMENT '前端图标',
                             `hidden` int(1) NULL DEFAULT 0 COMMENT '前端隐藏',
                             PRIMARY KEY (`id`) USING BTREE
) ENGINE = InnoDB AUTO_INCREMENT = 72 CHARACTER SET = utf8 COLLATE = utf8_general_ci COMMENT = '后台菜单表' ROW_FORMAT = DYNAMIC;

-- ----------------------------
-- Records of ums_menu
-- ----------------------------
INSERT INTO `ums_menu` VALUES (21, 0, '2020-02-07 16:29:13', '权限', 0, 0, 'ums', 'ums', 0);
INSERT INTO `ums_menu` VALUES (22, 21, '2020-02-07 22:29:51', '管理员列表', 1, 0, 'admin', 'user', 0);
INSERT INTO `ums_menu` VALUES (23, 21, '2020-02-07 16:30:13', '角色列表', 1, 0, 'role', 'ums-role', 0);
INSERT INTO `ums_menu` VALUES (24, 21, '2020-02-07 16:30:53', '菜单列表', 1, 0, 'menu', 'ums-menu', 0);
INSERT INTO `ums_menu` VALUES (25, 21, '2020-02-07 16:31:13', '资源列表', 1, 0, 'resource', 'ums-resource', 0);
INSERT INTO `ums_menu` VALUES (29, 0, '2021-02-01 15:31:24', '合约', 0, 3, 'objects', 'order', 0);
INSERT INTO `ums_menu` VALUES (30, 29, '2021-02-01 15:34:23', '合约列表', 1, 0, 'oblist', 'product-attr', 0);
INSERT INTO `ums_menu` VALUES (31, 29, '2021-02-01 17:29:48', '合约设置', 1, 0, 'setting', 'product', 0);
INSERT INTO `ums_menu` VALUES (32, 0, '2021-02-02 09:47:05', '内容', 0, 0, 'content', 'product-brand', 0);
INSERT INTO `ums_menu` VALUES (33, 32, '2021-02-02 09:49:59', '首页轮播', 1, 0, 'advertise', 'product', 0);
INSERT INTO `ums_menu` VALUES (34, 32, '2021-02-02 09:50:42', '公告管理', 1, 0, 'announcemanage', 'product', 0);
INSERT INTO `ums_menu` VALUES (35, 32, '2021-02-02 09:51:06', '帮助管理', 1, 0, 'help', 'product', 0);
INSERT INTO `ums_menu` VALUES (36, 32, '2021-02-02 09:51:23', '新闻管理', 1, 0, 'news', 'product', 0);
INSERT INTO `ums_menu` VALUES (37, 29, '2021-02-02 14:22:58', '添加合约', 1, 0, 'addOb', 'product', 0);
INSERT INTO `ums_menu` VALUES (43, 29, '2021-02-02 18:24:25', '数海客户端', 1, 0, 'shuhai', 'product', 0);
INSERT INTO `ums_menu` VALUES (44, 0, '2021-02-03 09:28:16', '交易', 0, 0, 'exchange', 'total-today', 0);
INSERT INTO `ums_menu` VALUES (45, 44, '2021-02-03 09:28:52', '挂单列表', 1, 0, 'entrust', 'product', 0);
INSERT INTO `ums_menu` VALUES (46, 44, '2021-02-03 09:29:25', '持仓列表', 1, 0, 'order', 'product', 0);
INSERT INTO `ums_menu` VALUES (47, 44, '2021-02-03 09:29:58', '历史订单', 1, 0, 'history', 'product', 0);
INSERT INTO `ums_menu` VALUES (48, 0, '2021-02-05 06:02:55', '用户', 0, 4, 'user', 'ums-admin', 0);
INSERT INTO `ums_menu` VALUES (49, 48, '2021-02-05 12:03:47', '会员管理', 1, 0, 'management', 'product', 0);
INSERT INTO `ums_menu` VALUES (50, 48, '2021-02-05 12:04:26', '实名认证', 1, 0, 'verified', 'product', 0);
INSERT INTO `ums_menu` VALUES (51, 0, '2021-02-22 15:30:07', '资产', 0, 0, 'assets', 'total-yesterday', 0);
INSERT INTO `ums_menu` VALUES (53, 51, '2021-02-22 15:32:10', '资产记录', 1, 0, 'record', 'product', 0);
INSERT INTO `ums_menu` VALUES (54, 51, '2021-02-22 15:32:41', '用户出金管理', 1, 1, 'withdrawal', 'product', 0);
INSERT INTO `ums_menu` VALUES (55, 51, '2021-02-22 15:33:11', '入金管理', 1, 0, 'deposit', 'product', 0);
INSERT INTO `ums_menu` VALUES (56, 51, '2021-02-22 15:36:49', '银行卡管理', 1, 0, 'bankCard', 'product', 0);
INSERT INTO `ums_menu` VALUES (57, 48, '2021-02-23 11:41:42', '代理管理', 1, 0, 'proxy', 'product', 0);
INSERT INTO `ums_menu` VALUES (58, 0, '2021-03-03 17:59:10', '报表', 0, 0, 'report', 'total-week', 0);
INSERT INTO `ums_menu` VALUES (59, 58, '2021-03-03 17:59:45', '佣金报表', 1, 0, 'commission', 'product', 0);
INSERT INTO `ums_menu` VALUES (60, 58, '2021-03-03 18:00:14', '出入金报表', 1, 0, 'statMoney', 'product', 0);
INSERT INTO `ums_menu` VALUES (61, 58, '2021-03-03 18:00:42', '交易报表', 1, 0, 'transaction', 'product', 0);
INSERT INTO `ums_menu` VALUES (62, 0, '2021-03-04 14:18:23', '全局设置', 0, 0, 'setUp', 'product-list', 0);
INSERT INTO `ums_menu` VALUES (63, 62, '2021-03-04 14:19:05', '代理等级设置', 1, 0, 'proxyLevel', 'product-comment', 0);
INSERT INTO `ums_menu` VALUES (65, 48, '2021-03-06 10:25:55', '信号源管理', 1, 0, 'signalSource', 'product', 0);
INSERT INTO `ums_menu` VALUES (66, 32, '2021-03-10 11:40:34', '风险测评管理', 1, 0, 'survey', 'product', 0);
INSERT INTO `ums_menu` VALUES (67, 32, '2021-03-10 18:44:07', '文档说明', 1, 0, 'explain', 'product', 0);
INSERT INTO `ums_menu` VALUES (68, 51, '2021-03-11 16:12:50', '代理出金管理', 1, 1, 'proxyWith', 'product', 0);
INSERT INTO `ums_menu` VALUES (69, 32, '2021-03-12 10:05:26', '视频管理', 1, 0, 'video', 'product', 0);
INSERT INTO `ums_menu` VALUES (70, 32, '2021-03-17 09:40:06', '活动管理', 1, 0, 'activity', 'product', 0);
INSERT INTO `ums_menu` VALUES (71, 62, '2021-03-20 12:18:45', '系统设置', 1, 0, 'systemSetUp', 'product', 0);

-- ----------------------------
-- Table structure for ums_resource
-- ----------------------------
DROP TABLE IF EXISTS `ums_resource`;
CREATE TABLE `ums_resource`  (
                                 `id` bigint(20) NOT NULL AUTO_INCREMENT,
                                 `category_id` bigint(20) NULL DEFAULT NULL COMMENT '资源分类ID',
                                 `name` varchar(200) CHARACTER SET utf8 COLLATE utf8_general_ci NULL DEFAULT NULL COMMENT '资源名称',
                                 `url` varchar(200) CHARACTER SET utf8 COLLATE utf8_general_ci NULL DEFAULT NULL COMMENT '资源URL',
                                 `hidden` tinyint(1) NULL DEFAULT 0 COMMENT '是否隐藏',
                                 `description` varchar(500) CHARACTER SET utf8 COLLATE utf8_general_ci NULL DEFAULT NULL COMMENT '描述',
                                 `create_time` datetime NULL DEFAULT NULL COMMENT '创建时间',
                                 PRIMARY KEY (`id`) USING BTREE,
                                 INDEX `category_id`(`category_id`) USING BTREE
) ENGINE = InnoDB AUTO_INCREMENT = 82 CHARACTER SET = utf8 COLLATE = utf8_general_ci COMMENT = '后台资源表' ROW_FORMAT = DYNAMIC;

-- ----------------------------
-- Records of ums_resource
-- ----------------------------
INSERT INTO `ums_resource` VALUES (33, 10, '删除会员', '/admin/member/delete/**', 0, '删除会员', '2021-03-04 16:03:09');
INSERT INTO `ums_resource` VALUES (34, 10, '修改用户登录状态', '/admin/member/status/**', 0, '用户状态 开启或禁用', '2021-03-04 17:24:52');
INSERT INTO `ums_resource` VALUES (35, 10, '修改用户昵称', '/admin/member/nickname', 0, '修改用户的昵称', '2021-03-04 17:46:06');
INSERT INTO `ums_resource` VALUES (36, 10, '修改是否是信号源', '/admin/member/isSignal', 0, '修改是不是信号源', '2021-03-04 17:47:22');
INSERT INTO `ums_resource` VALUES (37, 10, '修改用户等级或上级', '/admin/member/memberLevel', 0, '修改用户的等级或上级', '2021-03-04 17:48:16');
INSERT INTO `ums_resource` VALUES (38, 11, '添加代理', '/admin/agent/create', 0, '创建代理', '2021-03-04 17:51:28');
INSERT INTO `ums_resource` VALUES (39, 11, '删除代理', '/admin/agent/delete/**', 0, '删除代理', '2021-03-04 17:52:25');
INSERT INTO `ums_resource` VALUES (40, 10, '添加会员', '/admin/member/create', 0, '创建会员', '2021-03-04 17:53:31');
INSERT INTO `ums_resource` VALUES (41, 11, '修改代理详情主页', '/admin/agentDetail/updateHomePage', 0, '修改代理详情主页', '2021-03-04 18:13:35');
INSERT INTO `ums_resource` VALUES (42, 11, '修改代理等级佣金', '/admin/agentDetail/level', 0, '修改代理等级佣金', '2021-03-04 18:42:10');
INSERT INTO `ums_resource` VALUES (46, 11, '添加代理佣金规则', '/admin/userRebateRule/create', 0, '创建代理佣金规则', '2021-03-08 12:11:27');
INSERT INTO `ums_resource` VALUES (47, 11, '修改代理佣金规则', '/admin/userRebateRule/update', 0, '修改代理佣金规则', '2021-03-08 12:12:02');
INSERT INTO `ums_resource` VALUES (48, 11, '删除代理佣金规则', '/admin/userRebateRule/delete/**', 0, '删除代理佣金规则', '2021-03-08 12:12:39');
INSERT INTO `ums_resource` VALUES (49, 10, '实名认证审核', '/admin/realNameVerified/detail', 0, '实名认证审核驳回或审核通过', '2021-03-09 14:23:17');
INSERT INTO `ums_resource` VALUES (50, 10, '信号源审核', '/admin/signalSource/queryByMemberId', 0, '申请成为信号源审核通过或不通过', '2021-03-09 14:25:06');
INSERT INTO `ums_resource` VALUES (51, 9, '添加合约', '/admin/objects/create', 0, '添加合约', '2021-03-09 14:51:06');
INSERT INTO `ums_resource` VALUES (52, 12, '修改代理等级', '/admin/level/update', 0, '修改代理等级规则', '2021-03-09 15:00:10');
INSERT INTO `ums_resource` VALUES (53, 12, '删除代理等级', '/admin/level/delete/**', 0, '删除代理等级规则', '2021-03-09 15:01:03');
INSERT INTO `ums_resource` VALUES (54, 14, '删除银行卡', '/admin/bindBankCard/delete/**', 0, '删除某个用户绑定的银行卡', '2021-03-09 15:05:05');
INSERT INTO `ums_resource` VALUES (55, 9, '修改合约', '/admin/objects/update', 0, '修改合约详情', '2021-03-09 15:13:42');
INSERT INTO `ums_resource` VALUES (56, 5, '添加首页轮播图', '/admin/carousePic/create', 0, '新增APP首页的轮播图', '2021-03-09 15:22:05');
INSERT INTO `ums_resource` VALUES (57, 5, '修改首页的轮播图', '/admin/carousePic/update', 0, '修改APP首页的轮播图', '2021-03-09 15:23:03');
INSERT INTO `ums_resource` VALUES (58, 5, '删除首页轮播图', '/admin/carousePic/deleteBatch', 0, '多选删除首页APP的轮播图', '2021-03-09 15:24:01');
INSERT INTO `ums_resource` VALUES (59, 5, '添加公告', '/admin/announcement/create', 0, '创建公告', '2021-03-09 15:30:53');
INSERT INTO `ums_resource` VALUES (60, 5, '修改公告', '/admin/announcement/update', 0, '编辑公告', '2021-03-09 15:31:36');
INSERT INTO `ums_resource` VALUES (61, 5, '删除公告', '/admin/announcement/deleteBatch', 0, '多选删除公告', '2021-03-09 15:32:40');
INSERT INTO `ums_resource` VALUES (62, 5, '添加新闻', '/admin/news/creaet', 0, '添加新闻', '2021-03-09 15:48:23');
INSERT INTO `ums_resource` VALUES (63, 5, '修改新闻', '/admin/news/update', 0, '编辑新闻', '2021-03-09 15:50:28');
INSERT INTO `ums_resource` VALUES (64, 13, '强制平仓', '/admin/order/close/**', 0, '强制平仓', '2021-03-09 15:52:01');
INSERT INTO `ums_resource` VALUES (65, 5, '删除新闻', '/admin/news/deleteBatch', 0, '多选删除新闻', '2021-03-09 15:52:04');
INSERT INTO `ums_resource` VALUES (66, 13, '撤销挂单', ' /admin/entrust/cancel/**', 0, '撤销挂单', '2021-03-09 15:56:41');
INSERT INTO `ums_resource` VALUES (67, 14, '出金审核', '/admin/withdrawal/pass/**', 0, '审核出金', '2021-03-09 16:14:29');
INSERT INTO `ums_resource` VALUES (68, 14, '出金放币', '/admin/withdrawal/release/**', 0, '出金放行', '2021-03-09 16:16:24');
INSERT INTO `ums_resource` VALUES (69, 5, '添加帮助', '/admin/commonQuestion/create', 0, '新增常见问题', '2021-03-09 16:23:18');
INSERT INTO `ums_resource` VALUES (70, 5, '修改帮助', '/admin/commonQuestion/update', 0, '编辑常见问题', '2021-03-09 16:23:52');
INSERT INTO `ums_resource` VALUES (71, 5, '删除帮助', '/admin/commonQuestion/deleteBatch', 0, '多选删除常见问题', '2021-03-09 16:24:43');
INSERT INTO `ums_resource` VALUES (72, 16, '首页统计数值汇总', '/admin/homePage/basicInformationStat', 0, '管理员登录时，上方展示的统计数据汇总', '2021-03-09 17:24:36');
INSERT INTO `ums_resource` VALUES (73, 16, '首页代理统计数据汇总', '/admin/homePage/basicInformationStatByAgent', 1, '首页上方代理的统计数据汇总', '2021-03-09 17:26:41');
INSERT INTO `ums_resource` VALUES (74, 16, '首页每日佣金统计', '/admin/homePage/rebateEachDay', 0, '佣金统计展示', '2021-03-09 17:34:36');
INSERT INTO `ums_resource` VALUES (75, 16, '首页代理每日佣金统计', '/admin/homePage/rebateEachDayByAgent', 1, '首页下方代理的每日佣金统计', '2021-03-09 17:35:40');
INSERT INTO `ums_resource` VALUES (76, 5, '添加文档说明', '/admin/introduction/create', 0, '添加文档说明', '2021-03-11 09:38:57');
INSERT INTO `ums_resource` VALUES (77, 5, '修改文档说明', '/admin/introduction/update', 0, '修改文档说明', '2021-03-11 09:39:37');
INSERT INTO `ums_resource` VALUES (78, 5, '添加视频', '/admin/video/create', 0, '添加视频', '2021-03-12 17:26:01');
INSERT INTO `ums_resource` VALUES (79, 5, '删除视频', '/admin/video/delete/**', 0, '删除视频', '2021-03-12 17:26:40');
INSERT INTO `ums_resource` VALUES (81, 5, '修改视频', '/admin/video/update', 0, '修改视频', '2021-03-12 17:30:24');

-- ----------------------------
-- Table structure for ums_resource_category
-- ----------------------------
DROP TABLE IF EXISTS `ums_resource_category`;
CREATE TABLE `ums_resource_category`  (
                                          `id` bigint(20) NOT NULL AUTO_INCREMENT,
                                          `name` varchar(200) CHARACTER SET utf8 COLLATE utf8_general_ci NULL DEFAULT NULL COMMENT '分类名称',
                                          `sort` int(4) NULL DEFAULT NULL COMMENT '排序',
                                          `create_time` datetime NULL DEFAULT NULL COMMENT '创建时间',
                                          PRIMARY KEY (`id`) USING BTREE
) ENGINE = InnoDB AUTO_INCREMENT = 17 CHARACTER SET = utf8 COLLATE = utf8_general_ci COMMENT = '资源分类表' ROW_FORMAT = DYNAMIC;

-- ----------------------------
-- Records of ums_resource_category
-- ----------------------------
INSERT INTO `ums_resource_category` VALUES (5, '内容模块', 6, '2020-02-07 16:34:27');
INSERT INTO `ums_resource_category` VALUES (9, '合约模块', 3, '2021-02-01 15:38:26');
INSERT INTO `ums_resource_category` VALUES (10, '用户模块', 1, '2021-03-04 14:56:13');
INSERT INTO `ums_resource_category` VALUES (11, '代理模块', 2, '2021-03-04 17:51:39');
INSERT INTO `ums_resource_category` VALUES (12, '全局配置模块', 9, '2021-03-09 14:22:58');
INSERT INTO `ums_resource_category` VALUES (13, '交易模块', 5, '2021-03-09 14:25:01');
INSERT INTO `ums_resource_category` VALUES (14, '资产模块', 7, '2021-03-09 14:25:35');
INSERT INTO `ums_resource_category` VALUES (16, '首页模块', 0, '2021-03-09 17:24:50');

-- ----------------------------
-- Table structure for ums_role
-- ----------------------------
DROP TABLE IF EXISTS `ums_role`;
CREATE TABLE `ums_role`  (
                             `id` bigint(20) NOT NULL AUTO_INCREMENT,
                             `name` varchar(100) CHARACTER SET utf8 COLLATE utf8_general_ci NULL DEFAULT NULL COMMENT '名称',
                             `description` varchar(500) CHARACTER SET utf8 COLLATE utf8_general_ci NULL DEFAULT NULL COMMENT '描述',
                             `admin_count` int(11) NULL DEFAULT NULL COMMENT '后台用户数量',
                             `status` int(1) NULL DEFAULT 1 COMMENT '启用状态：0->禁用；1->启用',
                             `hidden` tinyint(1) NOT NULL DEFAULT 0 COMMENT '是否隐藏',
                             `sort` int(11) NULL DEFAULT 0,
                             `create_time` datetime NULL DEFAULT NULL COMMENT '创建时间',
                             PRIMARY KEY (`id`) USING BTREE,
                             UNIQUE INDEX `name`(`name`) USING BTREE
) ENGINE = InnoDB AUTO_INCREMENT = 10 CHARACTER SET = utf8 COLLATE = utf8_general_ci COMMENT = '后台用户角色表' ROW_FORMAT = DYNAMIC;

-- ----------------------------
-- Records of ums_role
-- ----------------------------
INSERT INTO `ums_role` VALUES (1, '商品管理员', '只能查看及操作商品', 0, 1, 0, 0, '2020-02-03 16:50:37');
INSERT INTO `ums_role` VALUES (2, '订单管理员', '只能查看及操作订单', 0, 1, 0, 0, '2018-09-30 15:53:45');
INSERT INTO `ums_role` VALUES (5, '超级管理员', '拥有所有查看和操作功能', 0, 1, 0, 0, '2020-02-02 15:11:05');
INSERT INTO `ums_role` VALUES (8, '权限管理员', '用于权限模块所有操作功能', 0, 1, 0, 0, '2020-08-24 10:57:35');
INSERT INTO `ums_role` VALUES (9, '代理', '查看及操作提现', 0, 1, 0, 0, '2021-03-03 11:19:51');

-- ----------------------------
-- Table structure for ums_role_menu_relation
-- ----------------------------
DROP TABLE IF EXISTS `ums_role_menu_relation`;
CREATE TABLE `ums_role_menu_relation`  (
                                           `id` bigint(20) NOT NULL AUTO_INCREMENT,
                                           `role_id` bigint(20) NOT NULL COMMENT '角色ID',
                                           `menu_id` bigint(20) NOT NULL COMMENT '菜单ID',
                                           PRIMARY KEY (`id`) USING BTREE,
                                           INDEX `role_id`(`role_id`) USING BTREE,
                                           INDEX `menu_id`(`menu_id`) USING BTREE
) ENGINE = InnoDB AUTO_INCREMENT = 1150 CHARACTER SET = utf8 COLLATE = utf8_general_ci COMMENT = '后台角色菜单关系表' ROW_FORMAT = DYNAMIC;

-- ----------------------------
-- Records of ums_role_menu_relation
-- ----------------------------
INSERT INTO `ums_role_menu_relation` VALUES (96, 6, 21);
INSERT INTO `ums_role_menu_relation` VALUES (97, 6, 22);
INSERT INTO `ums_role_menu_relation` VALUES (98, 6, 23);
INSERT INTO `ums_role_menu_relation` VALUES (99, 6, 24);
INSERT INTO `ums_role_menu_relation` VALUES (100, 6, 25);
INSERT INTO `ums_role_menu_relation` VALUES (101, 7, 21);
INSERT INTO `ums_role_menu_relation` VALUES (102, 7, 22);
INSERT INTO `ums_role_menu_relation` VALUES (103, 7, 23);
INSERT INTO `ums_role_menu_relation` VALUES (104, 7, 24);
INSERT INTO `ums_role_menu_relation` VALUES (105, 7, 25);
INSERT INTO `ums_role_menu_relation` VALUES (326, 8, 21);
INSERT INTO `ums_role_menu_relation` VALUES (327, 8, 22);
INSERT INTO `ums_role_menu_relation` VALUES (328, 8, 23);
INSERT INTO `ums_role_menu_relation` VALUES (329, 8, 24);
INSERT INTO `ums_role_menu_relation` VALUES (330, 8, 25);
INSERT INTO `ums_role_menu_relation` VALUES (331, 8, 29);
INSERT INTO `ums_role_menu_relation` VALUES (332, 8, 30);
INSERT INTO `ums_role_menu_relation` VALUES (333, 8, 31);
INSERT INTO `ums_role_menu_relation` VALUES (334, 8, 37);
INSERT INTO `ums_role_menu_relation` VALUES (837, 9, 49);
INSERT INTO `ums_role_menu_relation` VALUES (838, 9, 48);
INSERT INTO `ums_role_menu_relation` VALUES (839, 9, 57);
INSERT INTO `ums_role_menu_relation` VALUES (1109, 5, 21);
INSERT INTO `ums_role_menu_relation` VALUES (1110, 5, 22);
INSERT INTO `ums_role_menu_relation` VALUES (1111, 5, 23);
INSERT INTO `ums_role_menu_relation` VALUES (1112, 5, 24);
INSERT INTO `ums_role_menu_relation` VALUES (1113, 5, 25);
INSERT INTO `ums_role_menu_relation` VALUES (1114, 5, 29);
INSERT INTO `ums_role_menu_relation` VALUES (1115, 5, 30);
INSERT INTO `ums_role_menu_relation` VALUES (1116, 5, 31);
INSERT INTO `ums_role_menu_relation` VALUES (1117, 5, 37);
INSERT INTO `ums_role_menu_relation` VALUES (1118, 5, 43);
INSERT INTO `ums_role_menu_relation` VALUES (1119, 5, 32);
INSERT INTO `ums_role_menu_relation` VALUES (1120, 5, 33);
INSERT INTO `ums_role_menu_relation` VALUES (1121, 5, 34);
INSERT INTO `ums_role_menu_relation` VALUES (1122, 5, 35);
INSERT INTO `ums_role_menu_relation` VALUES (1123, 5, 36);
INSERT INTO `ums_role_menu_relation` VALUES (1124, 5, 66);
INSERT INTO `ums_role_menu_relation` VALUES (1125, 5, 67);
INSERT INTO `ums_role_menu_relation` VALUES (1126, 5, 69);
INSERT INTO `ums_role_menu_relation` VALUES (1127, 5, 70);
INSERT INTO `ums_role_menu_relation` VALUES (1128, 5, 44);
INSERT INTO `ums_role_menu_relation` VALUES (1129, 5, 45);
INSERT INTO `ums_role_menu_relation` VALUES (1130, 5, 46);
INSERT INTO `ums_role_menu_relation` VALUES (1131, 5, 47);
INSERT INTO `ums_role_menu_relation` VALUES (1132, 5, 48);
INSERT INTO `ums_role_menu_relation` VALUES (1133, 5, 49);
INSERT INTO `ums_role_menu_relation` VALUES (1134, 5, 50);
INSERT INTO `ums_role_menu_relation` VALUES (1135, 5, 57);
INSERT INTO `ums_role_menu_relation` VALUES (1136, 5, 65);
INSERT INTO `ums_role_menu_relation` VALUES (1137, 5, 51);
INSERT INTO `ums_role_menu_relation` VALUES (1138, 5, 53);
INSERT INTO `ums_role_menu_relation` VALUES (1139, 5, 54);
INSERT INTO `ums_role_menu_relation` VALUES (1140, 5, 55);
INSERT INTO `ums_role_menu_relation` VALUES (1141, 5, 56);
INSERT INTO `ums_role_menu_relation` VALUES (1142, 5, 68);
INSERT INTO `ums_role_menu_relation` VALUES (1143, 5, 58);
INSERT INTO `ums_role_menu_relation` VALUES (1144, 5, 59);
INSERT INTO `ums_role_menu_relation` VALUES (1145, 5, 60);
INSERT INTO `ums_role_menu_relation` VALUES (1146, 5, 61);
INSERT INTO `ums_role_menu_relation` VALUES (1147, 5, 62);
INSERT INTO `ums_role_menu_relation` VALUES (1148, 5, 63);
INSERT INTO `ums_role_menu_relation` VALUES (1149, 5, 71);

-- ----------------------------
-- Table structure for ums_role_resource_relation
-- ----------------------------
DROP TABLE IF EXISTS `ums_role_resource_relation`;
CREATE TABLE `ums_role_resource_relation`  (
                                               `id` bigint(20) NOT NULL AUTO_INCREMENT,
                                               `role_id` bigint(20) NOT NULL COMMENT '角色ID',
                                               `resource_id` bigint(20) NOT NULL COMMENT '资源ID',
                                               PRIMARY KEY (`id`) USING BTREE,
                                               INDEX `role_id`(`role_id`) USING BTREE,
                                               INDEX `resource_id`(`resource_id`) USING BTREE
) ENGINE = InnoDB AUTO_INCREMENT = 1001 CHARACTER SET = utf8 COLLATE = utf8_general_ci COMMENT = '后台角色资源关系表' ROW_FORMAT = DYNAMIC;

-- ----------------------------
-- Records of ums_role_resource_relation
-- ----------------------------
INSERT INTO `ums_role_resource_relation` VALUES (709, 9, 73);
INSERT INTO `ums_role_resource_relation` VALUES (710, 9, 74);
INSERT INTO `ums_role_resource_relation` VALUES (711, 9, 75);
INSERT INTO `ums_role_resource_relation` VALUES (958, 5, 33);
INSERT INTO `ums_role_resource_relation` VALUES (959, 5, 34);
INSERT INTO `ums_role_resource_relation` VALUES (960, 5, 35);
INSERT INTO `ums_role_resource_relation` VALUES (961, 5, 36);
INSERT INTO `ums_role_resource_relation` VALUES (962, 5, 37);
INSERT INTO `ums_role_resource_relation` VALUES (963, 5, 38);
INSERT INTO `ums_role_resource_relation` VALUES (964, 5, 39);
INSERT INTO `ums_role_resource_relation` VALUES (965, 5, 40);
INSERT INTO `ums_role_resource_relation` VALUES (966, 5, 41);
INSERT INTO `ums_role_resource_relation` VALUES (967, 5, 42);
INSERT INTO `ums_role_resource_relation` VALUES (968, 5, 46);
INSERT INTO `ums_role_resource_relation` VALUES (969, 5, 47);
INSERT INTO `ums_role_resource_relation` VALUES (970, 5, 48);
INSERT INTO `ums_role_resource_relation` VALUES (971, 5, 49);
INSERT INTO `ums_role_resource_relation` VALUES (972, 5, 50);
INSERT INTO `ums_role_resource_relation` VALUES (973, 5, 51);
INSERT INTO `ums_role_resource_relation` VALUES (974, 5, 52);
INSERT INTO `ums_role_resource_relation` VALUES (975, 5, 53);
INSERT INTO `ums_role_resource_relation` VALUES (976, 5, 54);
INSERT INTO `ums_role_resource_relation` VALUES (977, 5, 55);
INSERT INTO `ums_role_resource_relation` VALUES (978, 5, 56);
INSERT INTO `ums_role_resource_relation` VALUES (979, 5, 57);
INSERT INTO `ums_role_resource_relation` VALUES (980, 5, 58);
INSERT INTO `ums_role_resource_relation` VALUES (981, 5, 59);
INSERT INTO `ums_role_resource_relation` VALUES (982, 5, 60);
INSERT INTO `ums_role_resource_relation` VALUES (983, 5, 61);
INSERT INTO `ums_role_resource_relation` VALUES (984, 5, 62);
INSERT INTO `ums_role_resource_relation` VALUES (985, 5, 63);
INSERT INTO `ums_role_resource_relation` VALUES (986, 5, 64);
INSERT INTO `ums_role_resource_relation` VALUES (987, 5, 65);
INSERT INTO `ums_role_resource_relation` VALUES (988, 5, 66);
INSERT INTO `ums_role_resource_relation` VALUES (989, 5, 67);
INSERT INTO `ums_role_resource_relation` VALUES (990, 5, 68);
INSERT INTO `ums_role_resource_relation` VALUES (991, 5, 69);
INSERT INTO `ums_role_resource_relation` VALUES (992, 5, 70);
INSERT INTO `ums_role_resource_relation` VALUES (993, 5, 71);
INSERT INTO `ums_role_resource_relation` VALUES (994, 5, 72);
INSERT INTO `ums_role_resource_relation` VALUES (995, 5, 74);
INSERT INTO `ums_role_resource_relation` VALUES (996, 5, 76);
INSERT INTO `ums_role_resource_relation` VALUES (997, 5, 77);
INSERT INTO `ums_role_resource_relation` VALUES (998, 5, 78);
INSERT INTO `ums_role_resource_relation` VALUES (999, 5, 79);
INSERT INTO `ums_role_resource_relation` VALUES (1000, 5, 81);

SET FOREIGN_KEY_CHECKS = 1;
